N,P,K,pH,EC,OC,S,Zn,Fe,Cu,Mn,B,Texture,Season,Rainfall,Avg.Temp,Crop
138,8.6,560,7.46,0.62,0.7,5.9,0.24,0.31,0.77,8.71,0.11,Sandy soil,Autumn,202.9355362,20.87974371,rice
213,7.5,338,7.62,0.75,1.06,25.4,0.3,0.86,1.54,2.89,2.29,Sandy soil,Summer,226.6555374,21.77046169,rice
163,9.6,718,7.59,0.51,1.11,14.3,0.3,0.86,1.57,2.7,2.03,Sandy soil,Summer,263.9642476,23.00445915,rice
157,6.8,475,7.64,0.58,0.94,26,0.34,0.54,1.53,2.65,1.82,Sandy soil,Autumn,242.8640342,26.49109635,rice
270,9.9,444,7.63,0.4,0.86,11.8,0.25,0.76,1.69,2.43,2.26,Sandy soil,Summer,262.7173405,20.13017482,rice
220,8.6,444,7.43,0.65,0.72,11.7,0.37,0.66,0.9,2.19,1.82,Sandy soil,Summer,251.0549998,23.05804872,rice
220,7.2,222,7.62,0.43,0.81,7.4,0.34,0.69,1.05,2,1.88,Sandy soil,Summer,271.3248604,22.70883798,rice
207,7,401,7.63,0.59,0.69,7.6,0.32,0.68,0.62,2.43,1.68,Sandy soil,Summer,241.9741949,20.27774362,rice
289,8.6,560,7.58,0.44,0.67,7.3,0.63,0.66,0.94,2.43,1.79,Sandy soil,Summer,230.4462359,24.51588066,rice
138,8.1,739,7.55,0.33,0.78,9,0.69,0.41,1.15,2.75,2,Sandy soil,Summer,221.2091958,23.22397386,rice
151,8.1,549,7.59,0.45,0.97,9.6,0.71,0.38,1.33,2.79,2.41,Sandy soil,Summer,264.6148697,26.52723513,rice
144,7.2,306,7.53,0.73,0.89,9.2,0.63,0.47,1.03,2.79,2.38,Sandy soil,Summer,250.0832336,23.97898217,rice
138,5.3,444,7.68,0.6,0.78,9.7,0.73,0.36,1.32,3.32,2.12,Sandy soil,Summer,284.4364567,26.80079604,rice
144,8.3,549,7.45,0.53,0.81,10.2,0.51,0.56,1.26,2.9,2.29,Sandy soil,Summer,185.2773389,24.01497622,rice
201,7.7,676,7.39,0.77,0.72,9.7,0.58,0.47,1.02,3.77,2.56,Sandy soil,Summer,209.5869708,25.66585205,rice
182,9.2,718,7.47,0.34,0.67,10.6,0.77,0.41,1.28,3.04,2.79,Red soil,Summer,231.0863347,24.28209415,rice
238,7.5,771,7.38,0.88,0.75,11,0.46,0.38,1.16,2.96,1.32,Red soil,Summer,276.6552459,21.58711777,rice
270,8.1,655,7.45,0.55,0.67,10.2,0.28,0.44,1.26,7.75,2.56,Red soil,Summer,206.2611855,23.79391957,rice
213,6.1,803,7.38,0.78,0.61,10.5,0.3,0.49,0.66,7.74,1.85,Red soil,Summer,224.5550169,21.8652524,rice
245,8.1,560,7.31,0.63,0.78,11.6,0.29,0.43,0.57,7.73,0.74,Red soil,Summer,291.2986618,23.57943626,rice
282,8.3,454,7.43,0.62,0.75,11,0.32,0.5,0.81,4.99,2.65,Red soil,Summer,185.4974732,21.32504158,rice
213,8.3,676,7.36,0.51,0.69,23.6,0.28,0.93,1.04,2.17,1.97,Red soil,Summer,231.3843163,25.15745531,rice
207,9.4,127,7.62,0.68,0.75,27.2,0.28,0.72,1.04,2.43,0.94,Laterite soil,Summer,213.3560921,21.94766735,rice
307,8.3,11,7.49,0.84,0.69,15.8,0.26,0.57,0.73,2.13,2.47,Laterite soil,Summer,233.1075816,21.0525355,rice
207,7.2,496,7.55,0.61,0.64,26.2,0.24,0.47,1.15,1.99,1.94,Laterite soil,Summer,224.0581164,23.48381344,rice
201,5.5,359,7.44,0.76,0.78,26,0.18,0.83,0.71,2.24,1.91,Laterite soil,Summer,257.0038865,25.0756354,rice
364,7.5,507,7.63,0.52,0.69,14.6,0.23,1.19,0.39,2.16,2.82,Laterite soil,Summer,271.3586137,26.35927159,rice
220,8.3,560,7.42,0.63,0.61,15.8,0.19,1.08,0.34,1.77,0.74,Laterite soil,Summer,260.2634026,24.52922681,rice
245,8.3,560,7.58,0.74,0.83,8.2,0.32,0.96,1.57,2.67,0.59,Laterite soil,Summer,240.0810647,20.77576147,rice
207,7.7,676,7.41,0.42,1,15,0.27,0.92,1.43,3.12,1.85,Laterite soil,Summer,197.9791215,22.30157427,rice
276,8.3,401,7.34,0.53,0.72,14.8,0.28,0.57,1.34,2.15,2.18,Laterite soil,Summer,272.2017204,21.44653958,rice
207,5,560,7.4,0.84,0.67,25.4,0.27,0.46,1.53,2.43,2.12,Laterite soil,Summer,200.0882787,22.17931888,rice
245,5.7,465,7.29,0.63,0.61,22.4,0.25,0.44,1.24,2.11,0.74,Laterite soil,Summer,224.6757231,24.52783742,rice
169,8.1,549,8.23,0.58,0.56,21,0.2,0.38,1.15,3.01,2,Laterite soil,Summer,270.4417274,20.26707606,rice
182,5,560,7.62,0.52,0.47,22.4,0.73,0.46,1.14,2.72,1.97,Laterite soil,Summer,233.1321372,25.7354293,rice
220,8.3,760,7.48,0.59,0.67,24,0.83,0.37,1.99,3.84,0.88,Laterite soil,Summer,193.3473987,26.79533926,rice
138,5.7,401,7.42,0.72,0.78,26,0.37,0.32,1.34,3.77,2,Laterite soil,Autumn,272.2999056,26.75754171,rice
238,8.3,697,7.59,0.43,0.83,25.4,0.45,0.43,1.43,2.65,2.29,Laterite soil,Autumn,285.2493645,23.86330467,rice
151,8.1,517,7.46,0.43,0.86,16,0.36,0.38,1.92,2.88,0.59,Laterite soil,Summer,298.4018471,21.01944696,rice
207,7.9,612,7.44,0.55,1,14.6,0.45,0.47,1.47,3.16,1.88,Laterite soil,Summer,257.0343554,24.17298839,rice
138,8.3,581,7.63,0.86,0.53,7.2,0.76,0.35,1.42,5.07,2.47,Laterite soil,Summer,248.7183228,22.78133816,rice
182,10.7,708,7.48,0.57,1.11,14.2,0.59,0.92,1.15,6.69,0.65,Laterite soil,Autumn,209.9001977,25.62980105,rice
138,7.5,612,7.54,0.72,0.54,16,0.29,0.95,1.91,4.64,2.53,Laterite soil,Autumn,200.834898,25.59704938,rice
207,8.3,370,7.52,0.44,1.03,17.4,0.31,0.81,1.43,4.98,2.41,Laterite soil,Autumn,298.5601175,23.83067496,rice
295,8.6,676,7.41,0.48,0.97,26,0.38,0.71,1.97,5.15,2,Laterite soil,Autumn,265.5355937,26.31355498,rice
289,5.7,338,7.64,0.57,0.72,14.6,0.18,1.06,0.92,2.46,1.85,Laterite soil,Autumn,183.6793207,24.8972823,rice
207,7,444,7.55,0.57,0.83,8.6,0.18,0.96,0.93,2.15,2.18,Laterite soil,Autumn,196.9560008,24.958779,rice
138,8.1,718,7.48,0.63,0.94,12.6,0.19,1.02,1.15,2.24,2.47,Laterite soil,Summer,233.0453455,23.24113501,rice
138,8.3,454,7.65,0.58,1.03,14,0.25,1.05,1.19,2.16,2.82,Laterite soil,Summer,210.8142087,21.66628296,rice
82,7.9,496,7.37,0.51,1.06,11,0.2,1.03,1.04,2.35,1.82,Laterite soil,Summer,253.7202781,24.63544858,rice
107,8.3,612,7.43,0.43,0.75,7.2,0.18,0.95,0.89,2.16,0.74,Laterite soil,Summer,219.9048349,23.43121862,rice
38,7,370,7.57,0.42,1.08,14,0.18,0.86,1.04,2,2.23,Laterite soil,Summer,208.5810155,20.0454142,rice
88,7.2,655,7.46,0.44,1,13.1,0.18,0.78,1.03,2.27,1.94,Laterite soil,Summer,195.0948311,23.85724032,rice
19,5.3,708,7.38,0.29,1.06,12.8,0.17,0.76,0.92,2.88,2.21,Laterite soil,Summer,227.3637009,21.97199397,rice
56,7.7,444,7.32,0.67,0.83,11.2,0.23,0.95,0.88,2.65,1.82,Laterite soil,Summer,286.5083725,26.22916897,rice
50,8.3,475,7.36,0.34,0.83,11.6,0.43,0.59,0.89,2.2,1.32,Laterite soil,Summer,283.9338466,23.44676801,rice
38,7.5,454,7.4,0.48,0.92,8.8,0.3,1.29,1.71,4.99,2.59,Laterite soil,Summer,217.3788583,25.65553461,rice
25,8.1,591,7.33,0.43,0.78,14,0.46,0.35,1.74,2.38,2.29,Laterite soil,Summer,267.9761948,24.44345477,rice
82,7.2,507,7.63,0.44,0.61,27.2,0.56,0.35,1.6,2.66,2.82,Laterite soil,Summer,191.9535738,20.2801937,rice
88,7.7,708,7.52,0.37,0.78,21,0.19,0.74,1.43,2.42,2.29,Laterite soil,Summer,277.9626192,21.7238313,rice
144,7.2,623,7.57,0.54,0.92,22.8,0.37,0.51,1.69,6,2.26,Laterite soil,Summer,245.1511304,20.41447029,rice
213,8.6,718,7.59,0.68,0.86,23,0.3,0.46,1.53,9.53,2.82,Laterite soil,Summer,245.6626799,25.75528612,rice
282,5.7,454,7.48,0.46,0.81,16,0.32,0.5,1.34,3.7,2.47,Laterite soil,Summer,279.5451717,20.61521424,rice
264,9.4,475,7.52,0.43,0.78,14.8,0.27,0.61,1.41,2.88,2.41,Laterite soil,Summer,202.3838319,21.84106875,rice
301,7,507,7.46,0.42,0.69,23,0.23,0.46,1.02,2.71,1.71,Laterite soil,Summer,263.6372176,20.08369642,rice
226,7.5,348,7.62,0.31,0.75,11.3,0.78,0.4,1.04,2.43,1.29,Laterite soil,Summer,182.5616319,24.45802087,rice
307,5,327,7.58,0.56,0.61,11.6,0.46,0.68,1.14,2.79,1.23,Laterite soil,Autumn,198.6730942,21.14347496,rice
326,5.9,517,7.41,0.32,0.81,25.7,0.5,0.65,1.16,2.27,1.35,Laterite soil,Autumn,243.5120414,25.78720567,rice
251,5,391,7.59,0.62,0.89,11.7,0.56,0.64,1.03,7.75,1.38,Laterite soil,Autumn,263.1103304,23.64124821,rice
213,4.8,444,7.55,0.47,0.75,11.8,0.63,0.5,1.02,7.71,1.53,Laterite soil,Autumn,269.5039162,23.43191632,rice
195,5.5,507,7.57,0.37,0.69,11,0.28,0.48,0.91,1.89,1.65,Laterite soil,Autumn,204.8001847,24.97669518,rice
31,5.9,581,7.33,0.71,0.83,11.2,0.37,0.54,1.13,1.99,1.59,Laterite soil,Autumn,260.8875056,22.72791041,rice
69,6.8,465,7.51,0.46,0.78,11.7,0.32,0.49,1.06,2.1,1.53,Laterite soil,Autumn,295.6094492,24.87300744,rice
182,7.5,391,7.57,0.53,0.78,11.8,0.37,0.53,1.02,7.77,1.32,Laterite soil,Autumn,192.3197536,21.32376327,rice
19,6.4,454,7.49,0.6,0.61,10.4,0.48,0.63,0.86,2,1.29,Laterite soil,Autumn,257.4914906,26.29465461,rice
132,5.5,655,7.31,0.71,0.67,11,0.38,1.07,1.71,4.43,2.41,Laterite soil,Autumn,278.0791793,22.2286982,rice
163,7.7,517,7.32,0.49,0.75,12.6,0.35,3.42,1.6,10.61,2,Laterite soil,Autumn,280.4044392,26.73072391,rice
182,8.1,507,7.23,0.73,0.81,10.2,0.37,2.19,1.52,2.75,2.06,Laterite soil,Autumn,185.9461429,24.88921174,rice
295,5.5,433,7.34,0.46,0.75,13.6,0.42,0.6,1.22,2.53,2.26,Laterite soil,Autumn,194.5766559,26.88444878,rice
201,5.7,253,7.51,0.63,0.83,3.2,0.44,0.77,1.16,3.76,2.12,Laterite soil,Autumn,200.9133156,22.67846116,rice
6,5,465,7.47,0.42,0.81,14.5,0.48,0.5,1.21,2.62,2.35,Clayey soils,Autumn,182.9043504,26.08867875,rice
56,6.6,401,7.46,0.57,0.89,9,0.47,0.64,1.18,3.66,2.18,Clayey soils,Autumn,195.3574542,25.42977518,rice
132,8.3,444,7.62,0.43,0.75,13,0.45,1.2,1.25,2.76,2.65,Clayey soils,Autumn,223.3671883,26.40323239,rice
69,8.1,338,7.5,0.63,0.78,8.4,0.37,2.12,1.03,2.84,2.26,Clayey soils,Autumn,186.7536773,26.04371967,rice
270,7,391,7.4,0.61,0.67,27.1,0.42,1.18,1.04,2.76,1.62,Clayey soils,Autumn,220.1156708,25.2827223,rice
326,7.5,401,7.3,0.23,0.56,26,0.52,2.08,1.68,3.43,2.12,Laterite soil,Autumn,231.7364957,22.08576562,rice
351,8.6,454,7.5,0.38,0.72,19.5,0.48,2.06,1.26,2.77,1.85,Laterite soil,Autumn,242.3170629,23.28617173,rice
13,8.3,644,7.5,0.71,0.67,13.9,0.45,1.06,1.05,3.63,2.29,Laterite soil,Autumn,182.6549356,25.48591986,rice
314,8.1,454,7.4,0.59,0.75,23.9,0.36,0.59,1.25,2.76,2.21,Desert soils,Autumn,233.7034975,23.67575393,rice
282,8.3,465,7.4,0.76,0.61,2.5,0.38,0.74,1.43,2.74,0.94,Desert soils,Autumn,230.2242223,20.82477109,rice
6,7.5,412,7.4,0.41,0.81,6.5,0.46,0.5,1.47,2.97,2.65,Desert soils,Autumn,290.6793783,26.92995077,rice
270,8.6,486,7.4,0.67,0.89,28.6,0.71,0.59,1.24,2.89,2.41,Desert soils,Autumn,241.2013513,23.83509503,rice
220,5.5,539,7.6,0.42,0.83,8.5,0.39,0.52,1.21,2.5,2.21,Desert soils,Autumn,218.9163567,26.52872817,rice
151,4.8,454,7.3,0.77,0.75,8,0.36,0.67,1.24,2.76,2.06,Desert soils,Autumn,248.2256491,26.46428311,rice
201,5.3,507,7.6,0.53,0.39,10.86,0.32,9.32,0.69,9.03,0.69,Desert soils,Autumn,256.9964761,22.69657794,rice
151,5.9,581,7.6,0.48,0.88,4.52,0.42,4.05,1.06,5.3,0.29,Desert soils,Autumn,194.2651719,22.68319059,rice
75,7.9,327,7.8,0.66,0.1,7.24,0.5,7.32,0.87,6.32,0.4,Desert soils,Autumn,295.9248796,21.53346343,rice
232,5.9,275,7.7,0.43,0.68,5.43,0.47,6.52,1.52,8.05,0.32,Desert soils,Autumn,287.5766935,21.40865769,rice
207,7.5,549,7.7,0.72,0.49,3.32,0.36,4.56,1.96,13.02,0.67,Desert soils,Autumn,183.6222657,26.54348085,rice
264,6.4,496,7.9,0.38,0.78,3.92,0.52,8.06,1.32,14.52,0.46,Desert soils,Autumn,188.413665,23.35905428,rice
188,5,454,7.6,0.74,0.2,5.13,0.34,3.59,1.54,17.56,0.55,Desert soils,Autumn,87.75953857,22.61359953,maize
326,6.8,486,7.8,0.82,1.07,4.22,0.58,4.58,0.86,11.52,0.74,Desert soils,Autumn,102.2662445,26.10018422,maize
295,4.8,327,7.6,0.43,0.88,3.32,0.42,7.63,0.51,9.03,0.86,Desert soils,Autumn,66.71995467,23.55882094,maize
126,8.6,454,7.7,0.62,0.39,7.54,0.32,9.32,1.35,4.85,0.27,Desert soils,Autumn,60.65171481,19.97215954,maize
207,6.8,327,7.6,0.71,0.68,7.84,0.57,4.02,1.25,6.32,0.23,Desert soils,Autumn,65.43835393,18.47891261,maize
213,7.2,338,7.7,0.43,0.2,4.22,0.58,9.63,0.86,8.32,0.34,Desert soils,Autumn,102.0861694,21.77689322,maize
69,4.4,507,7.7,0.53,0.1,5.13,0.39,4.02,1.03,13.05,0.25,Desert soils,Autumn,105.4654703,25.6217169,maize
220,5.9,539,7.5,0.42,0.29,5.73,0.33,8.32,1.45,9.63,0.32,Desert soils,Autumn,78.06639649,25.19192419,maize
163,8.1,496,7.5,0.77,1.17,6.33,0.51,6.03,1.32,7.63,0.4,Desert soils,Autumn,65.27798457,20.41683147,maize
138,6.1,348,7.4,0.41,0.88,4.52,0.28,4.85,0.85,13.05,0.29,Desert soils,Autumn,109.2162279,24.92162194,maize
88,7.5,444,7.5,0.76,0.1,7.84,0.52,4.05,1.63,7.63,0.34,Desert soils,Autumn,94.29712821,23.31689124,maize
195,4.8,422,7.4,0.52,0.29,5.73,0.33,8.32,1.45,9.63,0.32,Desert soils,Autumn,74.05474936,24.84016732,maize
251,6.8,391,7.6,0.36,0.88,4.22,0.48,5.02,0.63,6.03,0.25,Desert soils,Autumn,63.87020584,22.27526694,maize
207,7.5,412,7.4,0.61,0.1,5.73,0.52,9.32,1.02,11.63,0.78,Desert soils,Autumn,94.76189431,18.87751445,maize
195,6.6,433,7.5,0.6,0.49,9.65,0.39,7.15,1.58,12.02,2.29,Desert soils,Autumn,72.12375573,25.19008683,maize
220,4.6,401,7.7,0.52,0.78,4.22,0.24,4.02,1.3,7.51,0.29,Desert soils,Autumn,63.72358154,18.25405352,maize
251,7.5,380,7.6,0.76,1.07,10.86,0.28,5.21,0.69,12.21,0.53,Desert soils,Autumn,104.1626147,24.6129118,maize
238,7,570,7.7,0.53,0.88,5.43,0.63,3.26,1.05,5.25,0.61,Desert soils,Autumn,76.68456006,25.1420613,maize
119,8.3,444,7.6,0.76,0.49,7.84,0.41,4.05,2.02,4.85,0.46,Desert soils,Autumn,65.49730729,23.09348056,maize
163,5.9,444,7.5,0.53,0.68,9.65,0.52,2.89,1.58,13.25,0.29,Desert soils,Autumn,84.23613484,18.05033737,maize
207,8.3,612,7.5,0.46,0.2,4.22,0.35,6.32,0.68,8.5,0.55,Desert soils,Autumn,79.74078719,24.9321581,maize
138,5.9,602,7.5,0.42,1.17,5.13,0.6,7.51,0.78,6.32,0.74,Desert soils,Autumn,88.07753741,18.14710054,maize
126,7.2,433,7.5,0.65,0.98,8.75,0.52,3.15,1.05,7.15,0.9,Desert soils,Autumn,80.97573281,18.28362235,maize
157,6.8,475,7.4,0.45,0.88,7.84,0.48,4.32,1.96,9.52,0.31,Desert soils,Autumn,79.7532896,18.83344471,maize
201,6.6,655,7.6,0.64,0.1,6.33,0.41,1.69,1.57,11.05,0.53,Desert soils,Autumn,74.51490791,25.71895816,maize
257,8.6,465,7.4,0.44,0.78,4.52,0.36,6.23,0.68,14.15,0.4,Desert soils,Autumn,96.46380213,25.33797709,maize
201,7.7,327,7.5,0.6,0.59,10.26,0.25,4.05,0.5,12.3,0.32,Desert soils,Autumn,102.8301942,23.89114571,maize
257,6.4,422,7.5,0.59,0.39,5.43,0.28,2.68,1.26,19.21,0.55,Desert soils,Autumn,102.4852929,21.53574127,maize
251,8.1,539,7.6,0.72,0.68,6.64,0.37,3.51,1.03,14.52,0.59,Desert soils,Autumn,70.43473609,23.08974909,maize
201,4.8,496,7.5,0.53,0.49,5.43,0.25,5.69,2.02,7.68,0.65,Desert soils,Autumn,108.8303762,25.61707368,maize
333,7,422,7.5,0.48,0.1,9.65,0.39,3.9,1.89,13.25,0.53,Desert soils,Autumn,65.88951188,21.44526922,maize
320,8.3,359,7.4,0.53,1.17,5.13,0.52,4.12,0.87,6.17,0.4,Desert soils,Autumn,90.988051,18.51816776,maize
232,5,560,7.4,0.76,0.29,4.25,0.42,2.05,1.05,12.05,0.31,Desert soils,Autumn,64.40866039,22.53510514,maize
326,5.3,549,7.6,0.82,0.59,8.75,0.57,1.98,1.63,6.38,0.73,Desert soils,Autumn,63.03843397,23.02038334,maize
195,5.5,507,7.4,0.61,0.1,10.86,0.35,3.25,0.78,4.51,0.21,Desert soils,Autumn,87.9298085,24.89364635,maize
345,6.8,496,7.7,0.57,0.88,9.65,0.29,6.3,1.51,9.32,0.34,Desert soils,Autumn,107.4931917,25.77175115,maize
257,8.1,634,7.6,0.81,0.39,4.52,0.57,7.21,1.63,11.5,0.53,Desert soils,Autumn,60.95197486,19.39851734,maize
251,4.8,444,7.4,0.54,0.59,7.24,0.48,4.15,0.98,13.52,0.4,Desert soils,Autumn,109.7515385,21.54156232,maize
226,6.1,644,7.4,0.56,0.29,5.43,0.29,3.26,1.05,14.25,0.29,Desert soils,Autumn,91.76337172,23.79746068,maize
264,7.2,496,7.6,0.62,0.1,9.95,0.34,6.53,1.87,6.25,0.42,Desert soils,Autumn,94.26249353,18.9802729,maize
213,6.8,612,7.7,0.6,0.78,5.13,0.51,1.87,1.6,9.32,0.25,Desert soils,Autumn,71.07562236,24.10859207,maize
132,6.4,517,7.5,0.61,0.49,7.54,0.46,5.02,0.69,7.15,0.71,Desert soils,Autumn,76.72860067,24.7947077,maize
195,6.6,750,7.5,0.53,0.68,5.73,0.28,6.33,0.7,11.56,0.78,Desert soils,Autumn,69.21803098,21.63162756,maize
50,8.1,454,7.6,0.74,1.17,10.26,0.33,4.51,1.3,6.25,0.29,Desert soils,Autumn,101.7004306,25.37548751,maize
201,5.3,634,7.5,0.68,0.88,4.52,0.51,6.23,1.89,7.05,0.53,Desert soils,Autumn,106.6213157,22.21738222,maize
100,8.3,676,7.6,0.59,0.1,8.75,0.27,4.05,0.52,15.62,0.4,Desert soils,Autumn,66.29390357,20.58314011,maize
232,7,444,7.6,0.62,1.27,10.56,0.39,7.35,0.66,7.53,0.27,Desert soils,Autumn,91.26056654,24.87502824,maize
69,5.9,612,7.6,0.52,0.68,4.22,0.51,6.49,1.05,9.32,0.31,Desert soils,Autumn,109.024141,20.03728219,maize
31,4.6,581,7.5,0.63,1.17,8.14,0.6,4.05,1.96,4.15,0.52,Desert soils,Autumn,99.57981207,25.95263264,maize
63,8.3,496,7.4,0.62,0.88,6.94,0.57,6.32,1.32,12.58,0.63,Desert soils,Autumn,71.3195307,19.28889933,maize
132,8.1,433,7.5,0.51,0.78,26.24,0.33,5.21,3.02,4.52,0.55,Desert soils,Autumn,78.34604471,20.57981887,maize
201,8.6,507,7.7,0.72,0.1,4.22,0.49,8.51,0.75,6.32,0.76,Desert soils,Autumn,88.45361858,24.71417533,maize
358,8.3,338,7.4,0.64,0.78,7.54,0.35,2.48,1.53,11.89,0.5,Desert soils,Autumn,62.50351892,20.27317074,maize
63,7,422,7.6,0.57,0.59,4.83,0.26,3.15,1.96,9.06,0.38,Desert soils,Autumn,76.41312437,18.41932981,maize
195,7.5,444,7.5,0.64,0.15,9.9,0.34,3.77,0.97,7.83,0.17,Desert soils,Autumn,107.3198135,23.39128187,maize
207,5.9,507,7.5,0.55,0.44,3.8,0.35,3.24,0.88,7.94,0.19,Desert soils,Autumn,100.7689246,19.84939404,maize
126,8.3,496,7.6,0.61,0.47,9.6,0.4,3.56,0.74,8.65,0.09,Desert soils,Autumn,107.2681929,21.869274,maize
88,7.2,391,7.6,0.63,0.29,6.5,0.26,3.66,0.54,8.4,0.08,Desert soils,Autumn,101.5952794,22.8056033,maize
163,9,338,7.5,0.47,0.97,7.2,0.26,3.84,0.65,9.27,0.11,Desert soils,Autumn,80.72515943,19.0781471,maize
138,7.7,454,7.6,0.58,0.32,7.5,0.33,3.94,0.6,9.04,0.12,Desert soils,Autumn,83.73280082,22.02720976,maize
188,4.6,549,7.7,0.53,0.27,7.9,0.34,3.49,0.43,8.45,0.12,Desert soils,Autumn,89.9622014,23.80546189,maize
195,8.3,475,7.6,0.42,0.15,11.3,0.29,3.56,0.55,8.66,0.17,Desert soils,Autumn,88.10234397,18.52510753,maize
195,8.1,327,7.61,0.67,0.21,8.6,0.23,3.43,0.7,8.53,0.18,Desert soils,Autumn,64.77791424,23.50297882,maize
264,7.2,444,7.47,0.45,0.35,6.4,0.15,3.95,0.76,8.65,0.11,Desert soils,Autumn,73.33636055,26.54986394,maize
182,7.7,507,7.46,0.53,0.29,4.4,0.25,2.35,0.55,7.54,0.14,Desert soils,Autumn,83.21030571,19.29563411,maize
188,5.3,496,7.52,0.44,0.35,13.1,0.36,3.19,0.69,7.99,0.17,Desert soils,Autumn,103.651438,20.68899915,maize
132,6.8,570,7.43,0.52,0.38,8.9,0.36,2.96,0.8,8.66,0.18,Desert soils,Autumn,84.22969177,19.32666088,maize
213,5.3,433,7.48,0.77,0.47,6,0.37,2.77,0.87,8.94,0.11,Desert soils,Autumn,96.59195302,24.60532218,maize
144,8.3,370,7.46,0.68,0.53,3.7,0.25,2.55,0.99,8.35,0.08,Desert soils,Autumn,67.96704792,22.27373646,maize
182,5.9,549,7.57,0.78,0.35,5.6,0.29,2.96,0.97,8.6,0.14,Desert soils,Autumn,83.20711308,25.70196694,maize
182,4.8,433,7.62,0.44,0.29,6.9,0.37,3.16,0.87,8.76,0.16,Desert soils,Autumn,87.85092352,19.20129357,maize
132,7.2,560,7.54,0.81,0.12,7.2,0.39,3.53,0.95,9.23,0.18,Desert soils,Autumn,95.71388473,21.70181447,maize
138,6.1,454,7.73,0.66,0.97,7.7,0.37,2.95,1.1,7.65,0.11,Desert soils,Autumn,67.61013737,20.51716779,maize
207,5.9,391,7.58,0.78,0.76,8.9,0.29,2.54,1.2,7.9,0.13,Desert soils,Autumn,97.59081274,23.30355338,maize
113,5,370,7.6,0.82,0.71,10.1,0.19,2.75,0.97,7.96,0.18,Desert soils,Autumn,64.23845455,24.2547451,maize
220,7,359,7.67,0.78,0.35,9.6,0.29,2.6,0.85,8.27,0.11,Desert soils,Autumn,75.82270467,24.86374934,maize
126,8.1,338,7.4,0.67,0.29,9.9,0.34,2.66,0.97,8.55,0.12,Desert soils,Autumn,88.17251033,22.6265115,maize
163,6.8,327,7.37,0.51,0.38,8.9,0.35,2.93,0.97,8.34,0.12,Desert soils,Autumn,104.2321615,18.04185513,maize
201,7.7,454,7.31,0.44,0.47,9,0.26,3.24,1.05,8.45,0.11,Desert soils,Autumn,67.10225139,23.26237612,maize
100,8.3,570,7.44,0.41,0.35,13.7,0.34,3.09,1.2,9,0.12,Desert soils,Autumn,67.72777298,22.88330922,maize
69,7,560,7.36,0.47,0.41,4.4,0.29,3.06,1.07,9.26,0.12,Desert soils,Autumn,103.2234212,25.97482359,maize
289,7.9,465,7.42,0.43,0.35,8.9,0.36,3.24,0.77,9.73,0.14,Desert soils,Autumn,107.2361366,26.14384005,maize
333,7.5,507,7.53,0.54,0.44,9.6,0.23,2.75,0.85,8.45,0.17,Desert soils,Autumn,75.03247667,18.66116213,maize
314,7.2,391,7.61,0.52,0.47,3.7,0.34,2.83,0.9,8.66,0.18,Desert soils,Autumn,78.16077693,25.10787449,maize
301,6.8,496,7.57,0.68,1,13.1,0.25,2.65,0.97,8.34,0.11,Desert soils,Autumn,105.0083144,23.33844615,maize
289,8.3,507,7.45,0.49,0.29,4.6,0.4,2.96,0.97,8.25,0.12,Desert soils,Autumn,62.49190812,25.08239719,maize
220,5.9,454,7.43,0.67,0.12,8.9,0.33,3.14,0.85,8.97,0.12,Desert soils,Autumn,107.9124111,25.36768364,maize
232,7.7,549,7.38,0.43,0.44,7.2,0.34,3.25,0.74,8.37,0.17,Desert soils,Autumn,74.52082026,25.34217103,maize
176,7.5,539,7.54,0.65,0.47,6.9,0.35,3.54,0.85,9.05,0.18,Desert soils,Autumn,62.91359494,25.00933355,maize
188,6.4,496,7.59,0.48,0.35,7.2,0.34,2.76,1,9.76,0.11,Desert soils,Autumn,69.93293255,18.66746724,maize
88,6.8,539,7.43,0.52,0.53,4.4,0.25,2.84,0.83,9.84,0.12,Desert soils,Autumn,108.5054416,20.37999665,maize
82,7.5,507,7.61,0.47,0.5,11.3,0.37,2.96,0.94,8.94,0.17,Desert soils,Autumn,78.96159541,18.09300227,maize
169,5.9,338,7.57,0.41,0.65,8.6,0.27,3.15,0.99,9.09,0.19,Desert soils,Autumn,79.84925393,26.16985907,maize
245,6.1,496,7.42,0.58,0.24,2.5,0.24,2.84,0.94,7.73,0.07,Desert soils,Autumn,93.62039175,18.65396672,maize
270,7.9,253,7.48,0.57,0.59,3.1,0.24,2.49,0.52,7.74,0.14,Desert soils,Autumn,85.75692395,26.07470121,maize
345,8.1,338,7.31,0.41,0.85,6,0.34,2.42,0.65,8.64,0.15,Desert soils,Autumn,82.34162918,18.92851916,maize
333,7.7,275,7.54,0.55,0.47,7.5,0.36,2.53,0.46,8.66,0.18,Desert soils,Autumn,108.7603001,23.30546753,maize
282,6.8,306,7.29,0.62,0.44,6.4,0.27,2.65,0.57,8.45,0.1,Desert soils,Autumn,70.23401597,18.74826712,maize
282,8.3,486,7.47,0.51,0.71,3.2,0.26,2.66,0.64,8.57,0.14,Desert soils,Autumn,65.50861389,19.74213321,maize
270,8.1,296,7.41,0.63,0.76,4.2,0.34,2.48,0.63,8.67,0.15,Desert soils,Autumn,98.73771338,25.73044432,maize
289,6.1,359,7.39,0.58,0.44,6,0.33,2.36,0.66,7.73,0.09,Desert soils,Autumn,88.55123143,17.02498456,chickpea
201,7.5,391,7.41,0.54,0.53,7.2,0.23,2.38,0.77,7.84,0.22,Desert soil,Autumn,79.92698081,19.02061277,chickpea
213,8.3,444,7.35,0.67,0.88,6.3,0.26,2.28,0.48,8.44,0.24,Desert soil,Autumn,68.54932919,17.88776475,chickpea
270,6.4,539,7.57,0.61,0.26,4.8,0.27,2.47,0.52,6.95,0.21,Desert soil,Autumn,88.51048983,18.86805647,chickpea
207,5.9,348,7.54,0.59,0.29,3,0.37,3.44,0.64,7.46,0.18,Desert soil,Autumn,79.26357665,18.36952567,chickpea
295,8.3,602,7.68,0.51,0.62,3.1,0.34,2.54,0.43,7.32,0.1,Desert soil,Autumn,92.68373702,20.45078582,chickpea
251,5.3,338,7.73,0.57,0.82,3.2,0.23,2.68,0.44,7.24,0.09,Desert soil,Autumn,74.6631118,20.6543203,chickpea
276,6.8,507,7.51,0.41,0.5,4,0.24,2.67,0.57,6.44,0.18,Desert soil,Autumn,82.61734721,17.3348681,chickpea
163,7.5,359,7.62,0.67,0.47,4.5,0.24,2.75,0.64,6.56,0.21,Desert soil,Autumn,81.84997529,18.17912258,chickpea
213,7,327,7.71,0.67,0.74,5.1,0.25,3.46,0.76,8.47,0.1,Desert soil,Autumn,81.98568791,18.01272266,chickpea
207,6.1,454,7.4,0.43,0.12,2.5,0.35,3.93,0.88,8.68,0.06,Desert soil,Autumn,93.55280105,20.99373558,chickpea
200,6.8,391,7.67,0.72,0.35,3,0.37,2.93,0.96,8.65,0.07,Desert soil,Autumn,74.58565097,19.46233971,chickpea
301,7.2,412,7.71,0.64,0.32,4,0.29,2.63,0.83,7.76,0.09,Desert soil,Autumn,78.96514709,19.81344531,chickpea
188,6.4,422,7.78,0.56,0.53,4.2,0.23,2.72,0.43,7.74,0.08,Desert soil,Autumn,80.7108745,18.97424756,chickpea
201,7.5,465,7.71,0.48,0.5,5.1,0.22,2.87,0.72,7.72,0.18,Desert soil,Autumn,70.18185181,18.19737048,chickpea
207,5.9,243,7.62,0.45,0.76,7.2,0.24,2.47,0.73,7.63,0.21,Desert soil,Autumn,71.58010169,18.72963144,chickpea
307,6.6,401,7.53,0.71,0.82,3,0.34,2.93,0.67,7.84,0.24,Desert soil,Autumn,73.50734019,20.99502153,chickpea
207,7.7,380,7.64,0.67,0.26,4.2,0.26,3.93,0.68,8.85,0.27,Desert soil,Autumn,82.52339655,20.28155898,chickpea
326,8.3,285,7.38,0.82,0.88,4.3,0.27,3.63,0.63,8.96,0.18,Desert soil,Autumn,66.96980581,17.48042641,chickpea
270,6.8,296,7.59,0.33,0.56,5.1,0.26,3.74,0.74,8.73,0.15,Desert soil,Autumn,90.46228334,20.88818675,chickpea
195,4.8,496,7.43,0.67,0.85,3.5,0.27,2.45,0.74,6.73,0.18,Desert soil,Autumn,71.31007253,17.08498521,chickpea
182,8.3,338,7.61,0.58,0.88,4.2,0.26,2.56,0.71,7.83,0.16,Desert soil,Autumn,85.74904898,20.09340593,chickpea
295,4.8,348,7.77,0.61,0.24,2.5,0.25,2.84,0.12,7.73,0.07,Desert soil,Autumn,89.31050665,17.57212145,chickpea
151,7.5,327,7.63,0.73,0.29,4.8,0.33,2.49,0.63,7.23,0.18,Desert soil,Autumn,85.52950164,19.12065218,chickpea
333,5.9,391,7.44,0.66,0.26,5,0.26,3.51,0.25,7.35,0.15,Desert soil,Autumn,72.94940441,18.57665902,chickpea
157,6.4,327,7.45,0.34,0.5,5.1,0.35,2.56,0.14,8.75,0.14,Desert soil,Autumn,72.32667516,17.16606398,chickpea
370,5,496,7.62,0.41,0.76,6.2,0.34,2.44,0.25,8.36,0.09,Desert soil,Autumn,74.87445574,18.2872007,chickpea
163,5.9,317,7.43,0.38,0.59,3.5,0.34,3.43,0.16,8.32,0.1,Desert soil,Autumn,94.70992037,19.03025305,chickpea
377,6.8,327,7.51,0.85,0.26,4,0.25,3.63,1.08,7.84,0.13,Desert soil,Autumn,83.74606679,17.1418614,chickpea
264,7.9,391,7.34,0.61,0.24,3,0.25,2.44,0.22,7.44,0.21,Desert soil,Autumn,78.92060234,17.47809436,chickpea
358,7.2,359,7.49,0.67,0.5,2.5,0.26,2.64,0.29,7.55,0.19,Desert soil,Autumn,83.75937135,20.56601874,chickpea
320,4.6,422,7.38,0.53,0.76,6,0.24,2.74,0.18,7.66,0.07,Desert soil,Autumn,76.57580954,17.22385224,chickpea
126,7.5,444,7.67,0.7,0.74,7.1,0.35,2.43,1.96,7.77,0.1,Desert soil,Autumn,91.76071648,19.69141713,chickpea
333,6.8,327,7.53,0.62,0.38,3.5,0.26,3.44,0.45,7.84,0.12,Desert soil,Autumn,76.32470713,17.84851658,chickpea
213,8.6,348,7.62,0.64,0.15,4,0.27,3.45,0.86,8.43,0.13,Desert soil,Autumn,89.73119396,18.8202251,chickpea
245,5.9,285,7.61,0.71,0.24,4.8,0.34,2.56,0.1,7.54,0.15,Desert soil,Autumn,93.35034262,17.47500984,chickpea
157,5,401,7.58,0.45,0.21,3.5,0.32,2.67,0.64,7.45,0.19,Desert soil,Autumn,81.20176515,18.72649425,chickpea
213,5.7,507,7.66,0.63,0.47,4.8,0.33,2.74,0.73,7.68,0.18,Desert soil,Autumn,81.70769297,18.65580107,chickpea
82,7.5,391,7.65,0.78,0.76,6,0.27,4.44,0.83,7.73,0.21,Desert soil,Autumn,83.74879344,18.2356751,chickpea
195,5.9,422,7.66,0.53,0.74,7.1,0.27,3.44,0.43,8.74,0.25,Desert soil,Autumn,77.5429424,18.81198127,chickpea
100,6.8,560,7.71,0.67,1.03,6.2,0.38,2.45,1.54,8.25,0.07,Desert soil,Autumn,77.92798682,18.65054116,chickpea
238,5.7,454,7.61,0.62,1.09,3.5,0.34,2.56,1.1,7.36,0.14,Desert soil,Autumn,82.2545577,20.36720401,chickpea
213,59.2,539,7.54,0.44,0.82,4,0.33,2.67,0.64,7.58,0.1,Desert soil,Autumn,70.52056697,18.38120357,chickpea
6,7.2,285,7.42,0.53,0.82,2.8,0.34,2.68,0.73,7.34,0.12,Desert soil,Autumn,72.78624223,17.17012591,chickpea
257,6.4,243,7.43,0.58,0.26,3.9,0.34,3.74,0.84,8.94,0.13,Desert soil,Autumn,85.24819851,19.37101121,chickpea
188,5.7,317,7.52,0.62,0.29,4.2,0.25,3.43,0.09,8.84,0.08,Desert soil,Autumn,85.37378769,17.92845928,chickpea
144,8.3,296,7.47,0.58,0.53,3.5,0.24,3.43,0.93,7.45,0.09,Desert soil,Autumn,75.6317566,19.45339934,chickpea
238,6.8,327,7.54,0.43,0.79,4.8,0.35,2.44,0.93,7.36,0.09,Desert soil,Autumn,89.61857826,19.12829388,chickpea
157,5,444,7.33,0.59,0.76,6.2,0.34,2.45,0.83,7.98,0.18,Desert soil,Autumn,75.49101167,19.1034283,chickpea
195,6.8,391,7.48,0.37,0.15,3.5,0.23,2.56,0.62,7.35,0.1,Desert soil,Autumn,86.05078037,17.48504075,chickpea
63,5.9,454,7.53,0.65,0.12,6,0.23,3.43,0.43,8.24,0.18,Desert soil,Autumn,80.25064637,19.40751744,chickpea
238,7.2,444,7.51,0.58,0.1,5.43,0.38,7.05,1.56,8.63,0.73,Desert soil,Autumn,78.26039559,20.18649426,chickpea
163,7.5,560,7.43,0.59,0.49,7.54,0.51,4.63,0.85,12.84,0.48,Desert soil,Autumn,75.57790384,17.30287885,chickpea
232,6.1,391,7.47,0.63,0.2,10.26,0.6,8.02,1.53,9.63,0.32,Desert soil,Autumn,72.9446671,17.50361137,chickpea
132,6.8,327,7.71,0.61,0.59,5.13,0.79,6.32,1.87,7.51,0.55,Desert soil,Autumn,90.7760707,18.17234999,chickpea
207,7.5,444,7.64,0.44,0.39,8.75,0.53,5.5,1.25,13.25,0.42,Desert soil,Autumn,77.81891424,17.57445618,chickpea
195,8.1,327,7.62,0.62,0.29,6.33,0.48,9.06,0.63,18.54,0.25,Desert soil,Autumn,78.06910795,20.93175255,chickpea
138,6.6,317,7.53,0.53,1.07,11.16,0.35,7.51,0.8,11.69,0.34,Desert soil,Autumn,85.57925437,19.71098332,chickpea
251,7.5,359,7.41,0.51,0.68,4.52,0.29,4.56,1.35,12.58,0.69,Desert soil,Autumn,69.40619137,19.07937684,chickpea
207,6.8,433,7.57,0.62,0.39,8.14,0.62,8.04,1.74,9.63,0.8,Desert soil,Autumn,76.32565249,18.54988627,chickpea
307,7.2,338,7.41,0.42,0.78,11.76,0.47,5.26,0.65,11.53,0.57,Desert soil,Autumn,80.6405403,18.19903647,chickpea
264,5.3,422,7.67,0.63,0.49,6.64,0.51,9.26,0.84,8.56,0.48,Desert soil,Autumn,80.1113384,18.88852533,chickpea
201,7.5,348,7.63,0.43,0.1,5.43,0.38,7.51,1.32,17.59,0.34,Desert soil,Autumn,91.94595352,18.49311205,chickpea
257,8.1,444,7.62,0.51,0.59,3.62,0.57,8.02,1.85,9.53,0.42,Desert soil,Autumn,87.51312796,19.48974337,chickpea
144,5,327,7.71,0.71,0.39,7.84,0.36,5.03,0.69,11.06,0.31,Desert soil,Autumn,94.00287214,17.25769499,chickpea
251,5.7,275,7.53,0.54,0.88,9.35,0.47,9.22,1.02,5.09,0.44,Desert soil,Autumn,88.4585692,19.62416326,chickpea
182,7.5,338,7.51,0.61,0.29,2.8,0.24,2.84,0.94,7.73,0.14,Sandy loam,Autumn,84.78344008,20.67526473,chickpea
289,14.5,549,7.18,0.64,0.26,3.1,0.23,2.44,0.42,6.74,0.24,Sandy loam,Autumn,68.97806542,20.02381489,chickpea
75,8.1,327,7.61,0.51,0.53,4.2,0.25,3.33,0.56,6.75,0.18,Sandy loam,Autumn,88.68168643,20.1187446,chickpea
220,9,401,7.67,0.62,0.79,3.5,0.23,2.87,0.47,7.76,0.21,Sandy loam,Autumn,65.23811143,20.65691793,chickpea
282,7,401,7.71,0.48,0.18,2.5,0.24,2.48,0.67,7.64,0.1,Sandy loam,Autumn,65.78042032,19.2582557,chickpea
195,6.6,391,7.65,0.54,0.24,3.5,0.34,2.43,0.74,4.64,0.12,Sandy loam,Autumn,74.63872762,17.927806,chickpea
176,8.6,507,7.67,0.58,0.79,4.8,0.27,3.56,0.64,5.73,0.09,Sandy loam,Autumn,82.69766829,19.16288268,chickpea
182,7.7,444,7.72,0.56,0.82,4.1,0.27,2.68,0.55,6.77,0.06,Sandy loam,Autumn,69.64449182,20.26942271,chickpea
226,8.3,465,7.68,0.62,0.5,6,0.27,2.48,0.44,6.77,0.19,Sandy loam,Autumn,87.27444866,17.09104223,chickpea
257,7.9,380,7.7,0.64,0.47,7.2,0.34,3.44,0.67,6.84,0.09,Sandy loam,Autumn,70.87150577,17.06579293,chickpea
276,9.2,338,7.71,0.48,0.76,3.5,0.24,2.54,0.64,7.77,0.12,Sandy loam,Summer,92.06630306,20.62767492,chickpea
270,9,475,7.65,0.44,0.71,4.8,0.24,3.63,0.74,7.75,0.15,Sandy loam,Summer,79.20509212,20.8248451,chickpea
295,78.9,454,7.76,0.39,0.41,5.2,0.25,2.74,0.44,8.73,0.21,Sandy loam,Summer,68.81405149,19.46210401,chickpea
232,7,465,7.62,0.54,0.44,6.2,0.36,2.82,0.64,8.52,0.1,Sandy loam,Summer,72.85017344,17.18248372,chickpea
245,9.6,528,7.77,0.52,0.74,3.5,0.27,2.43,0.63,7.46,0.08,Sandy loam,Summer,79.45758333,17.48911699,chickpea
251,9,444,7.65,0.6,0.71,4.2,0.28,3.74,0.73,8.63,0.07,Sandy loam,Summer,65.11365631,17.48395377,chickpea
213,8.6,433,7.63,0.65,0.24,5.3,0.39,3.74,0.65,7.72,0.18,Sandy loam,Summer,80.4986291,19.48316794,chickpea
339,7.5,665,7.6,0.55,0.68,4.2,0.28,3.85,0.43,6.73,0.21,Sandy loam,Summer,73.64476535,19.71359733,chickpea
351,14.9,327,7.4,0.44,0.82,3.8,0.29,2.46,0.63,7.72,0.1,Sandy loam,Summer,81.5284269,19.48649305,chickpea
264,5,486,7.5,0.46,0.5,4.2,0.27,2.47,0.66,8.75,0.12,Sandy loam,Summer,88.6810311,19.95264829,chickpea
358,12.3,612,7.3,0.53,0.5,3.5,0.24,2.58,0.74,8.72,0.12,Sandy loam,Summer,68.4951189,19.41789736,chickpea
370,11.2,655,7.1,0.67,0.24,4,0.23,2.63,0.73,8.43,0.15,Sandy loam,Summer,78.44910564,19.45591848,chickpea
333,7,581,7.8,0.68,0.53,4.1,0.23,3.73,0.75,7.53,0.18,Sandy loam,Summer,77.33795356,20.19137759,chickpea
282,9.9,391,7.2,0.52,0.15,4.3,0.24,3.77,0.65,7.64,0.1,Sandy loam,Summer,94.78189594,18.8392908,chickpea
257,7.5,887,7.5,0.29,0.79,4.5,0.26,2.84,0.67,6.76,0.12,Sandy loam,Summer,94.03659867,20.71219282,chickpea
301,12.9,634,7.6,0.6,0.82,6,0.24,2.43,0.78,7.68,0.12,Sandy loam,Summer,78.69707199,18.99424448,chickpea
333,6.6,729,7.2,0.31,0.38,7.1,0.24,2.94,0.83,7.63,0.15,Sandy loam,Summer,69.15759062,19.96837462,chickpea
195,11.2,348,7.1,0.52,0.44,3.5,0.34,2.94,0.94,8.44,0.15,Sandy loam,Summer,90.82097601,17.81564548,chickpea
314,11.4,475,7.4,0.31,0.41,4.5,0.26,2.85,0.45,6.58,0.1,Sandy loam,Summer,76.77888672,20.71424384,chickpea
351,6.8,813,7.5,0.43,0.24,3.5,0.28,2.48,0.12,7.72,0.07,Sandy loam,Summer,67.9545435,17.34150229,chickpea
339,8.1,549,7.3,0.36,0.26,4.1,0.27,2.58,0.63,7.44,0.09,Sandy loam,Summer,73.0926704,17.43732714,chickpea
264,14.3,486,7.4,0.65,0.59,5.2,0.27,2.47,0.45,7.54,0.08,Sandy loam,Summer,69.09512477,18.89780215,chickpea
169,5.3,327,7.6,0.34,0.78,4.52,0.26,5.26,1.02,6.32,0.48,Sandy loam,Summer,89.60982451,18.59190771,chickpea
333,7.9,465,7.5,0.68,0.88,7.84,0.38,2.51,0.86,15.02,0.59,Sandy loam,Summer,81.78710463,18.31561493,chickpea
370,9.4,729,7.3,0.59,0.1,5.13,0.51,8.05,0.53,11.25,0.29,Sandy loam,Summer,128.256862,17.13692774,kidneybeans
326,6.8,433,7.1,0.57,0.78,6.64,0.24,4.21,1.25,4.51,0.42,Sandy loam,Summer,106.3598183,19.63474332,kidneybeans
251,10.7,528,7.4,0.42,0.59,4.22,0.22,9.02,1.03,9.32,0.32,Sandy loam,Summer,109.225556,22.91350245,kidneybeans
301,4.4,507,7.3,0.31,0.29,5.43,0.37,10.52,0.87,10.52,0.67,Sandy loam,Summer,140.3717815,16.43340342,kidneybeans
270,10.5,560,7.2,0.3,1.07,6.64,0.48,7.45,1.54,15.33,0.27,Sandy loam,Summer,76.64128258,22.13974653,kidneybeans
320,7.5,475,7.1,0.34,0.78,3.62,0.25,6.32,0.96,4.85,0.48,Sandy loam,Summer,143.0984171,17.84806561,kidneybeans
282,9.4,570,7.5,0.65,0.39,5.13,0.39,2.05,1.02,12.06,0.34,Sandy loam,Summer,60.91974792,19.88394011,kidneybeans
301,9.9,549,7.6,0.33,0.98,7.54,0.45,8.12,0.53,8.54,0.42,Sandy loam,Summer,104.7783947,19.32509638,kidneybeans
295,7,602,7.2,0.68,0.49,9.65,0.26,6.02,0.55,10.26,0.31,Sandy loam,Summer,132.9801054,18.4167001,kidneybeans
339,10.3,729,7.4,0.66,0.1,4.22,0.33,7.45,1.23,13.26,0.61,Sandy loam,Summer,130.0608093,21.81167649,kidneybeans
201,6.6,539,7.5,0.6,0.29,5.43,0.28,4.12,1.09,17.54,0.34,Sandy loam,Summer,143.7630894,19.72702528,kidneybeans
320,7.9,486,7.6,0.59,0.88,6.64,0.27,6.33,0.63,11.02,0.46,Sandy loam,Summer,87.99669731,17.15432954,kidneybeans
289,10.7,549,7.3,0.37,0.39,4.83,0.45,5.02,1.84,19.22,0.17,Sandy loam,Summer,144.1567454,19.62207826,kidneybeans
251,6.8,528,7.2,0.24,0.68,9.65,0.29,9.32,0.53,11.32,0.29,Sandy loam,Summer,134.3649948,21.63149148,kidneybeans
276,12.7,612,7.4,0.42,0.59,5.43,0.33,1.54,0.78,7.63,0.5,Sandy loam,Summer,88.06638775,16.06522754,kidneybeans
370,11.8,686,7.5,0.61,0.49,7.24,0.26,2.63,0.66,12.05,0.61,Sandy loam,Summer,69.63833855,20.61162204,kidneybeans
207,12.3,496,7.6,0.57,0.2,5.73,0.35,8.55,1.25,14.51,0.32,Sandy loam,Summer,116.5206923,21.42451099,kidneybeans
295,7.2,348,7.8,0.55,0.1,7.54,0.24,6.33,1.02,3.25,0.42,Sandy loam,Summer,86.21917578,19.07096165,kidneybeans
351,14.7,380,7.9,0.43,0.78,3.92,0.27,4.02,1.84,9.32,0.29,Sandy loam,Summer,137.1948633,21.18853178,kidneybeans
282,5.5,570,7.3,0.48,1.07,6.64,0.49,3.25,0.59,7.15,0.4,Sandy loam,Summer,108.3684316,23.0429097,kidneybeans
307,7,422,8,0.56,0.2,5.13,0.32,8.05,0.74,8.21,0.25,Sandy loam,Summer,67.71768947,20.65375833,kidneybeans
364,8.6,718,7.4,0.53,0.68,4.22,0.25,1.96,0.48,14.05,0.42,Sandy loam,Summer,144.7902323,18.09551014,kidneybeans
257,13.4,433,7.9,0.51,1.17,9.65,0.29,3.02,1.33,15.02,0.32,Sandy loam,Summer,69.44951585,18.23775702,kidneybeans
251,10.5,412,7.3,0.59,0.88,5.43,0.33,4.51,1.42,8.26,0.46,Sandy loam,Summer,121.9401369,17.48189735,kidneybeans
326,9.2,560,7.6,0.64,0.98,8.75,0.45,6.33,0.91,6.23,0.29,Sandy loam,Summer,82.68554379,19.9191786,kidneybeans
270,6.6,591,7.8,0.3,0.59,3.32,0.28,7.02,0.83,9.24,0.44,Sandy loam,Summer,139.7521543,20.27514686,kidneybeans
339,9.6,655,7.3,0.35,0.39,5.13,0.56,3.05,1.02,11.05,0.34,Sandy loam,Summer,108.3441414,15.77370214,kidneybeans
207,7.2,581,8.1,0.32,0.1,7.84,0.25,2.08,1.85,17.56,0.63,Sandy loam,Summer,96.77285817,16.71170642,kidneybeans
351,9.9,570,7.4,0.36,0.68,9.65,0.33,3.79,1.33,13.05,0.31,Sandy loam,Summer,100.6711761,17.66148158,kidneybeans
282,8.3,708,7.2,0.68,0.88,5.43,0.26,2.6,0.87,6.33,0.17,Sandy loam,Summer,87.0513289,18.50692825,kidneybeans
151,6.8,517,7.3,0.75,0.2,4.22,0.27,6.52,0.62,11.36,0.4,Sandy loam,Summer,64.19497947,24.51324787,kidneybeans
295,9.9,486,7.4,0.21,0.39,6.64,0.32,3.21,1.25,5.25,0.23,Sandy loam,Summer,105.4120514,18.87614998,kidneybeans
270,7.9,612,7.5,0.45,0.59,5.43,0.28,4.21,0.94,7.32,0.34,Sandy loam,Summer,61.13872036,21.59343016,kidneybeans
238,3.9,391,7.6,0.57,0.1,8.75,0.51,2.15,0.63,13.54,0.61,Sandy loam,Summer,106.158201,20.12373284,kidneybeans
264,9.4,876,7.8,0.38,0.29,3.92,0.26,3.51,0.69,11.68,0.46,Sandy loam,Summer,139.0302034,15.43546065,kidneybeans
370,9.2,644,7.9,0.61,0.78,5.13,0.33,7.21,1.25,3.47,0.36,Sandy loam,Summer,122.3886015,22.64236876,kidneybeans
289,7.5,486,7.8,0.46,1.17,6.64,0.27,3.02,1.85,5.69,0.69,Sandy loam,Summer,129.5650601,21.98560799,kidneybeans
251,9.4,454,7.8,0.39,0.88,4.52,0.48,2.77,0.87,8.23,0.53,Sandy loam,Summer,120.4509288,20.53052663,kidneybeans
320,8.1,507,8.3,0.65,0.1,8.45,0.52,5.66,1.32,14.05,0.4,Sandy loam,Summer,95.17028129,15.78601387,kidneybeans
333,7.7,570,7.4,0.37,0.98,4.22,0.26,3.14,1.54,19.25,0.55,Sandy loam,Summer,96.65888933,19.6365349,kidneybeans
282,4.8,560,7.8,0.45,0.88,9.95,0.39,6.02,0.86,13.42,0.73,Sandy loam,Summer,87.87869161,20.57341244,kidneybeans
264,7.9,602,7.6,0.49,0.1,4.83,0.51,4.22,0.53,5.15,0.48,Sandy loam,Summer,138.2362122,20.16080524,kidneybeans
257,6.8,475,7.5,0.41,0.78,8.45,0.28,4.05,0.84,6.8,0.23,Sandy loam,Summer,120.6913038,21.53989176,kidneybeans
276,12.9,517,7.6,0.48,0.59,4.52,0.47,3.39,1.02,14.5,0.27,Sandy loam,Summer,107.3850593,15.53834801,kidneybeans
364,8.3,581,7.8,0.43,0.68,9.95,0.25,4.22,1.98,16.23,0.5,Sandy loam,Summer,108.6434544,19.91853092,kidneybeans
358,11.2,591,7.9,0.59,1.17,4.22,0.32,2.58,1.25,5.47,0.73,Sandy loam,Summer,109.0193712,20.76952209,kidneybeans
351,11,539,7.3,0.51,0.88,6.64,0.29,5.33,1.05,8.32,0.34,Sandy loam,Summer,95.84253438,23.46168338,kidneybeans
370,7,623,7.4,0.65,1.27,5.13,0.33,4.21,1.47,9.24,0.32,Sandy loam,Summer,60.27552528,24.32116642,kidneybeans
314,7.2,528,7.9,0.69,0.78,6.33,0.45,2.63,0.96,11.06,0.5,Sandy loam,Summer,100.0497183,20.12574053,kidneybeans
201,6.8,433,7.23,0.33,0.49,4.83,0.26,4.05,0.43,4.78,0.25,Sandy loam,Summer,125.0972687,21.80619564,kidneybeans
213,7.5,475,7.16,0.3,0.1,6.64,0.38,6.21,0.58,19.25,0.4,Sandy loam,Summer,113.334026,19.52226241,kidneybeans
169,8.3,570,7.03,0.36,0.68,5.13,0.6,7.22,0.85,3.89,0.34,Sandy loam,Summer,103.2926407,17.00067625,kidneybeans
201,5.9,560,7,0.42,0.88,8.14,0.48,6.05,1.02,6.02,0.55,Sandy loam,Summer,75.45328039,16.78791503,kidneybeans
270,5,602,7,0.36,0.39,10.56,0.32,3.54,1.47,11.57,0.67,Sandy loam,Summer,62.21292186,24.84906168,kidneybeans
238,7,475,6.96,0.44,1.17,5.73,0.28,5.63,1.25,5.32,0.52,Sandy loam,Summer,98.77794225,16.51783455,kidneybeans
176,6.1,444,9.97,0.35,0.78,8.14,0.74,4.36,0.54,12.05,0.34,Sandy loam,Summer,107.6907964,18.15300153,kidneybeans
245,8.6,454,7,0.36,0.1,9.95,0.59,3.05,0.63,7.48,0.55,Sandy loam,Summer,63.38208822,23.18864385,kidneybeans
201,7.2,454,7.16,0.4,0.39,8.75,0.32,4.63,0.95,6.32,0.69,Sandy loam,Summer,87.66898664,23.38002569,kidneybeans
207,7.2,655,7.02,0.32,0.59,5.43,0.48,5.74,1.25,14.85,0.53,Sandy loam,Summer,138.414764,18.358923,kidneybeans
257,5.3,644,7.01,0.33,0.29,9.95,0.62,5.63,1.39,12.05,0.71,Sandy loam,Summer,94.9533526,19.25975367,kidneybeans
220,7.5,539,7.05,0.38,0.68,12.07,0.43,8.52,0.78,8.62,0.29,Sandy loam,Summer,107.7315386,22.95458237,kidneybeans
295,5.5,412,7,0.41,0.49,7.84,0.24,3.55,0.54,13.47,0.53,Sandy loam,Summer,104.6252153,20.120043,kidneybeans
213,5.9,454,7.05,0.37,0.29,5.43,0.51,3.02,1.25,9.06,0.36,Sandy loam,Summer,141.6056722,21.14011423,kidneybeans
201,6.8,475,7.07,0.26,0.1,3.92,0.38,4.15,0.39,13.26,0.63,Sandy loam,Summer,62.7089169,24.92360104,kidneybeans
345,6.8,475,7,0.67,0.88,5.13,0.5,6.52,0.41,14.15,0.27,Sandy loam,Summer,135.3315583,15.33042636,kidneybeans
188,5.9,539,7.14,0.6,0.39,8.45,0.46,7.54,1.05,11.25,0.53,Sandy loam,Summer,125.084915,18.81097271,kidneybeans
207,6.8,560,7.17,0.66,0.78,6.94,0.32,6.32,1.39,10.25,0.5,Sandy loam,Summer,107.4137246,23.44260668,kidneybeans
320,8.3,591,7.08,0.39,0.2,5.13,0.33,8.05,0.25,18.25,0.25,Sandy loam,Summer,63.59276673,22.8352024,kidneybeans
220,5.7,591,7.12,0.3,0.59,6.64,0.46,3.59,1.36,9.05,0.32,Alluvial soil,Summer,146.4727237,24.9035819,kidneybeans
213,7,623,7.1,0.32,0.29,5.73,0.59,5.55,1.08,12.06,0.29,Alluvial soil,Summer,119.6404412,23.78709569,kidneybeans
264,7.5,655,7.19,0.65,0.98,7.24,0.38,8.06,0.65,13.22,0.42,Alluvial soil,Summer,126.7265372,22.05592283,kidneybeans
195,8.1,612,7.15,0.64,0.1,3.32,0.26,3.47,0.93,11.52,0.34,Red soil,Summer,134.1811718,18.87492997,kidneybeans
182,7.5,465,7.31,0.52,0.88,7.84,0.7,9.55,0.84,10.52,0.63,Red soil,Summer,135.3378033,18.62328774,kidneybeans
201,6.4,444,7.14,0.59,0.2,3.92,0.63,4.85,1.23,7.54,0.17,Red soil,Summer,100.118612,23.00884744,kidneybeans
232,7.5,750,7.16,0.62,0.68,7.24,0.4,3.86,1.58,9.06,0.29,Red soil,Summer,68.51253427,19.33162606,kidneybeans
169,7.2,718,7.17,0.82,0.1,11.46,0.49,7.54,1.04,8.52,0.32,Red soil,Summer,66.97053257,16.24469193,kidneybeans
238,5.7,655,7.21,0.59,0.88,7.54,0.53,4.25,0.68,12.03,0.5,Red soil,Summer,69.14681022,17.91652287,kidneybeans
201,5.9,665,7.23,0.62,0.49,5.73,0.61,6.85,0.79,14.86,0.73,Red soil,Summer,88.88796102,15.46789263,kidneybeans
69,5,718,7.21,0.57,0.39,10.86,0.38,7.05,0.32,7.52,0.8,Red soil,Summer,81.83420522,17.06104474,kidneybeans
213,4.8,602,7.24,0.48,0.68,4.22,0.42,8.85,1.05,12.33,0.48,Red soil,Summer,109.1013261,21.32776028,kidneybeans
207,6.8,623,7.24,0.53,0.78,5.13,0.5,4.68,1.45,11.85,0.36,Red soil,Summer,81.60211243,23.90910104,kidneybeans
213,6.6,433,7.21,0.57,0.2,8.75,0.37,9.32,0.96,16.05,0.42,Red soil,Summer,112.6616435,23.89756791,kidneybeans
314,6.8,412,7.19,0.32,1.07,9.95,0.61,7.86,1.03,5.96,0.34,Red soil,Summer,143.8584938,22.98666928,kidneybeans
138,6.4,454,7.21,0.89,0.88,8.75,0.59,4.51,1.85,7.45,0.63,Red soil,Summer,146.4548645,21.35135729,kidneybeans
195,8.1,549,7.24,0.57,1.17,3.32,0.4,3.78,1.49,12.63,0.27,Red soil,Summer,116.7324324,24.1638445,kidneybeans
201,8.3,528,7.3,0.49,0.1,5.43,0.39,8.05,1.3,18.52,0.21,Red soil,Autumn,149.7441028,24.62835037,kidneybeans
151,7.5,539,7.26,0.55,0.68,7.84,0.6,6.55,0.52,10.96,0.52,Red soil,Autumn,124.6118471,21.02213209,kidneybeans
201,8.6,539,7.2,0.67,0.49,11.16,0.43,7.41,1.23,16.53,0.59,Red soil,Autumn,115.199245,17.30844532,kidneybeans
82,7.5,644,7.18,0.45,0.88,12.07,0.28,3.89,0.87,6.32,0.42,Red soil,Autumn,84.64143632,23.82576704,kidneybeans
207,5.5,444,7.27,0.45,0.78,8.75,0.36,4.58,0.69,14.02,0.34,Red soil,Autumn,129.3449326,19.30607278,kidneybeans
201,8.6,475,7.22,0.64,0.59,8.14,0.55,7.08,1.05,19.32,0.36,Red soil,Autumn,130.3900798,16.03768615,kidneybeans
132,8.3,507,7.21,0.44,0.29,6.03,0.6,6.32,1.56,11.25,0.59,Red soil,Autumn,80.15293435,19.18572809,kidneybeans
264,4.8,549,7.27,0.78,1.07,8.45,0.41,4.58,0.86,8.02,0.29,Red soil,Autumn,64.02640797,19.92889503,kidneybeans
301,6.8,644,7.22,0.69,0.78,9.35,0.66,7.05,1.32,13.22,0.38,Red soil,Autumn,139.2921004,19.56376468,kidneybeans
195,5.9,433,7.26,0.7,0.39,5.13,0.38,6.58,1.02,10.52,0.5,Red soil,Autumn,76.14153904,18.31357543,kidneybeans
238,6.8,475,7.25,0.6,0.29,5.43,0.28,4.85,0.63,7.54,0.36,Red soil,Autumn,73.36386477,20.10993761,kidneybeans
138,8.1,644,7.31,0.31,0.1,9.05,0.51,7.05,0.57,16.32,0.4,Red soil,Autumn,100.5978728,23.60506572,kidneybeans
213,6.8,444,7.07,0.43,0.78,5.73,0.39,3.86,1.25,8.22,0.27,Red soil,Autumn,84.06354115,19.73136909,kidneybeans
201,7.5,465,7.03,0.37,1.07,7.84,0.47,4.15,1.33,14.33,0.32,Red soil,Autumn,133.1914419,20.93409877,kidneybeans
163,7.7,507,7.14,0.31,0.88,5.43,0.56,9.52,0.95,4.96,0.48,Red soil,Autumn,104.2570723,18.78226261,kidneybeans
88,7.2,655,7.07,0.28,0.49,7.24,0.33,7.55,1.02,3.25,0.36,Red soil,Autumn,122.6539694,36.51268371,pigeonpeas
50,8.6,539,7.06,0.39,0.68,3.32,0.28,2.36,1.33,8.15,0.46,Red soil,Autumn,163.7266551,36.89163721,pigeonpeas
220,6.1,560,7.07,0.28,0.29,5.13,0.51,8.25,0.94,11.36,0.25,Red soil,Autumn,103.3301803,29.23540524,pigeonpeas
169,8.1,475,7.17,0.34,0.78,5.73,0.39,1.25,0.67,7.54,0.34,Red soil,Autumn,142.3303677,27.33534897,pigeonpeas
207,7,539,7.12,0.32,0.2,7.84,0.25,9.02,1.25,10.22,0.48,Red soil,Autumn,184.6226709,21.0643684,pigeonpeas
144,6.8,422,7.1,0.31,0.78,6.94,0.37,4.15,1.03,9.06,0.31,Red soil,Autumn,149.299952,30.33276599,pigeonpeas
251,6.4,644,7.12,0.32,0.1,5.43,0.47,3.22,1.93,15.23,0.4,Red soil,Autumn,147.0361442,31.80130272,pigeonpeas
195,8.1,581,7.15,0.41,0.68,9.65,0.28,7.55,0.84,17.54,0.53,Sandy Clay loam,Autumn,198.8298806,33.18184225,pigeonpeas
201,8.3,539,7.12,0.4,1.17,4.52,0.32,6.35,1.02,13.22,0.63,Sandy Clay loam,Autumn,90.05422663,29.38538562,pigeonpeas
88,7.7,539,7.12,0.35,0.88,6.64,0.58,8.52,0.57,10.25,0.31,Sandy Clay loam,Autumn,127.7767134,30.27374995,pigeonpeas
201,8.6,570,7.11,0.38,0.2,5.13,0.24,4.02,1.25,6.32,0.21,Sandy Clay loam,Autumn,108.6333046,35.45790488,pigeonpeas
257,6.8,475,7.14,0.33,0.59,4.22,0.39,9.63,0.63,8.54,0.53,Sandy Clay loam,Autumn,176.6165894,33.80020039,pigeonpeas
176,4.8,496,7.15,0.32,0.39,6.64,0.22,1.58,1.22,12.03,0.67,Sandy Clay loam,Autumn,96.36222901,28.69180475,pigeonpeas
201,8.3,655,7.15,0.36,0.1,5.43,0.58,7.25,1.54,9.62,0.27,Sandy Clay loam,Autumn,122.0146733,31.24021696,pigeonpeas
88,9,539,7.14,0.29,1.07,7.84,0.42,6.32,0.86,14,0.53,Sandy Clay loam,Autumn,120.7435664,28.98039357,pigeonpeas
232,8.1,412,7.21,0.29,0.78,10.56,0.32,4.15,1.02,13.25,0.63,Sandy Clay loam,Autumn,96.51524028,27.32198928,pigeonpeas
320,7.5,401,7.22,0.4,0.49,4.22,0.27,8.33,0.94,7.54,0.31,Sandy Clay loam,Autumn,180.382234,21.47607807,pigeonpeas
201,6.6,560,7.23,0.36,0.39,4.52,0.51,7.12,1.25,9.33,0.46,Sandy Clay loam,Autumn,107.4721605,18.31910448,pigeonpeas
69,9,465,7.2,0.52,0.88,8.45,0.28,4.11,1.02,11.52,0.59,Sandy Clay loam,Autumn,161.4812963,36.97794384,pigeonpeas
220,5.5,391,7.23,0.29,0.29,4.22,0.33,6.32,0.96,12.05,0.34,Sandy Clay loam,Autumn,121.5639121,24.80467592,pigeonpeas
138,8.6,475,7.28,0.27,0.68,4.83,0.39,2.52,0.74,14.51,0.42,Sandy Clay loam,Autumn,194.5921148,19.3479443,pigeonpeas
232,6.6,581,7.3,0.31,0.2,6.94,0.25,1.36,1.25,9.63,0.27,Sandy Clay loam,Autumn,179.2155874,28.88302142,pigeonpeas
301,6.8,634,7.29,0.43,0.49,5.13,0.47,7.05,1.33,12.44,0.55,Sandy Clay loam,Autumn,192.4372194,19.54314136,pigeonpeas
195,7,655,7.3,0.36,0.1,7.54,0.26,1.52,0.94,7.85,0.61,Sandy Clay loam,Autumn,114.2821387,24.7741949,pigeonpeas
326,8.3,475,7.35,0.38,0.59,11.76,0.35,4.55,1.25,13.26,0.32,Sandy Clay loam,Autumn,139.6483317,18.33124824,pigeonpeas
213,8.3,433,7.35,0.36,1.07,4.22,0.28,6.32,1.03,8.54,0.42,Sandy Clay loam,Autumn,132.7748215,19.14729038,pigeonpeas
169,5.9,539,7.29,0.33,0.39,7.54,0.36,5.21,1.25,5.21,0.48,Sandy Clay loam,Autumn,186.5008581,28.23416057,pigeonpeas
182,6.8,560,7.18,0.31,0.88,4.22,0.42,3.26,0.96,12.03,0.4,Sandy Clay loam,Autumn,157.0858232,30.11812084,pigeonpeas
94,4.8,560,7.32,0.32,0.1,6.94,0.51,7.51,1.25,17.11,0.32,Sandy Clay loam,Autumn,139.6702541,33.4126864,pigeonpeas
295,7.2,454,7.35,0.34,0.68,4.52,0.38,4.02,1.02,10.25,0.25,Sandy Clay loam,Autumn,177.3377996,24.18553163,pigeonpeas
320,7.5,433,7.46,0.7,1.07,8.14,0.22,9.32,0.78,9.32,0.5,Sandy Clay loam,Autumn,94.46748008,26.88630675,pigeonpeas
201,4.6,433,7.37,0.39,0.59,10.86,0.29,1.05,0.54,5.26,0.34,Sandy Clay loam,Autumn,161.7820226,31.33170829,pigeonpeas
213,5.7,496,7.49,0.78,0.78,4.52,0.36,5.26,1.26,7.54,0.42,Sandy Clay loam,Autumn,108.5090168,33.30711818,pigeonpeas
207,7,528,7.39,0.45,0.2,7.84,0.37,8.33,1.32,13.25,0.27,Sandy Clay loam,Autumn,150.8712202,23.45379018,pigeonpeas
94,7.7,486,7.42,0.41,1.17,3.92,0.54,4.21,1.05,8.55,0.36,Sandy Clay loam,Autumn,168.5948318,34.53823889,pigeonpeas
295,7,433,7.41,0.35,0.49,8.45,0.48,2.05,2.01,6.36,0.61,Sandy Clay loam,Autumn,197.3752649,19.50112224,pigeonpeas
195,8.3,454,7.44,0.3,0.88,6.64,0.26,3.22,1.56,10.25,0.29,Sandy Clay loam,Autumn,91.72084869,28.76794904,pigeonpeas
364,8.1,486,7.45,0.49,0.1,9.35,0.35,7.12,0.98,7.54,0.5,Sandy Clay loam,Autumn,180.716828,30.97758716,pigeonpeas
201,8.1,444,7.51,0.51,0.68,3.62,0.48,6.32,0.76,13.22,0.32,Sandy Clay loam,Autumn,93.12330644,18.39759147,pigeonpeas
220,6.4,433,7.53,0.62,0.78,4.83,0.22,1.52,1.93,9.02,0.67,Sandy Clay loam,Autumn,116.9106908,35.09357419,pigeonpeas
207,7.2,444,7.54,0.42,0.29,6.64,0.37,8.02,1.42,11.05,0.34,Sandy Clay loam,Autumn,159.2649827,34.93174223,pigeonpeas
201,7.2,338,7.49,0.67,0.88,5.43,0.48,4.22,0.84,6.35,0.46,Sandy Clay loam,Autumn,187.8961851,29.50523036,pigeonpeas
295,7.2,412,7.61,0.41,1.07,4.22,0.51,3.58,0.63,17.54,0.34,Sandy Clay loam,Summer,129.0064612,34.51934775,pigeonpeas
195,8.1,433,7.53,0.53,0.59,6.33,0.29,8.06,1.22,13.22,0.42,Sandy Clay loam,Summer,147.0414824,28.43430726,pigeonpeas
276,8.1,581,7.92,0.61,0.39,5.13,0.33,4.56,1.08,11.05,0.31,Sandy Clay loam,Summer,163.2747473,18.41645629,pigeonpeas
207,6.8,560,8.02,0.6,1.17,9.65,0.55,3.54,1.54,14.52,0.61,Sandy Clay loam,Summer,91.31256412,31.07508973,pigeonpeas
295,7.7,539,8.05,0.6,0.88,5.43,0.28,8.78,0.96,10.63,0.32,Sandy Clay loam,Summer,195.5697875,20.89342749,pigeonpeas
264,7.9,370,7.81,0.58,0.39,6.64,0.42,6.23,1.32,6.58,0.29,Sandy Clay loam,Summer,170.9919828,30.90607799,pigeonpeas
320,9.4,454,7.86,0.61,0.1,11.46,0.39,6.14,1.25,4.51,0.42,Sandy Clay loam,Summer,145.3728801,27.9348279,pigeonpeas
289,11,391,7.65,0.72,0.98,10.56,0.33,5.2,0.5,9.3,0.34,Sandy Clay loam,Summer,136.0456753,35.95176642,pigeonpeas
314,8.3,412,7.23,0.67,0.2,8.14,0.21,4.59,1.63,11.56,0.29,Sandy Clay loam,Summer,173.1686574,19.54317155,pigeonpeas
345,5.9,549,7.7,0.65,0.68,7.84,0.25,2.15,1.25,9.64,0.36,Sandy Clay loam,Summer,176.4134092,19.63736208,pigeonpeas
238,10.7,612,7.77,0.6,0.88,3.92,0.47,3.56,1.3,3.74,0.23,Sandy Clay loam,Summer,129.2028653,31.2192752,pigeonpeas
320,7.7,401,7.7,0.58,0.49,4.22,0.51,4.67,0.86,9.05,0.34,Sandy Clay loam,Summer,126.6738117,33.50876355,pigeonpeas
307,12.3,412,7.62,0.55,0.68,5.43,0.63,5.47,0.59,12.47,0.69,Sandy Clay loam,Summer,188.4928637,24.80710166,pigeonpeas
326,11.2,539,7.57,0.61,0.39,7.24,0.29,2.69,0.47,8.63,0.32,Sandy Clay loam,Summer,191.0658531,36.20970524,pigeonpeas
314,7.5,306,7.64,0.58,0.2,4.83,0.32,4.28,0.9,11.03,0.48,Sandy Clay loam,Summer,162.5927723,30.50420876,pigeonpeas
245,9.4,359,7.71,0.59,0.88,8.45,0.28,5.31,1.59,7.98,0.34,Sandy Clay loam,Summer,160.3337447,26.01630259,pigeonpeas
289,6.1,602,7.59,0.64,0.1,6.33,0.51,1.92,1.36,6.48,0.42,Sandy Clay loam,Summer,100.546816,31.48469278,pigeonpeas
339,10.7,486,7.58,0.61,0.49,5.13,0.46,2.56,1.87,5.21,0.55,Sandy Clay loam,Summer,105.0380275,33.15122581,pigeonpeas
333,11.2,412,7.66,0.65,0.68,8.75,0.38,3.68,0.86,4.96,0.67,Sandy Clay loam,Summer,192.3023991,23.50222822,pigeonpeas
176,11.6,401,7.82,0.63,0.29,10.86,0.55,4.69,1.59,12.36,0.27,Sandy Clay loam,Summer,148.2502786,34.87248659,pigeonpeas
358,9.2,370,7.59,0.69,1.07,5.13,0.3,3.55,2.02,7.51,0.34,Sandy Clay loam,Summer,197.1144011,28.09269012,pigeonpeas
345,5.5,391,7.68,0.61,0.68,6.33,0.28,6.98,1.45,3.48,0.5,Sandy Clay loam,Summer,118.3606557,24.54757829,pigeonpeas
132,5.9,475,7.62,0.63,0.88,8.75,0.51,8.59,0.63,15.96,0.32,Sandy Clay loam,Summer,100.4673278,33.64769646,pigeonpeas
333,7.2,612,7.64,0.59,1.17,11.16,0.37,7.15,0.85,9.02,0.61,Sandy Clay loam,Summer,191.0895109,20.5591255,pigeonpeas
245,7.5,686,7.56,0.59,0.1,4.22,0.62,5.58,1.09,6.23,0.31,Sandy Clay loam,Summer,195.787103,19.95991719,pigeonpeas
345,6.8,327,7.58,0.58,0.68,8.45,0.32,3.87,1.57,7.02,0.21,Sandy Clay loam,Summer,182.2688175,28.87667593,pigeonpeas
188,6.4,412,7.57,0.59,0.2,11.16,0.51,4.25,0.96,9.32,0.55,Sandy Clay loam,Summer,159.8938645,36.04353699,pigeonpeas
276,7,348,7.58,0.66,0.39,8.45,0.66,9.17,0.54,14.68,0.52,Sandy Clay loam,Summer,141.1250722,23.6734328,pigeonpeas
264,6.8,412,7.53,0.59,0.1,6.64,0.37,6.54,1.08,9.54,0.67,Sandy Clay loam,Summer,100.7791633,25.74679443,pigeonpeas
295,6.6,359,7.46,0.7,1.17,5.13,0.25,5.38,1.77,11.06,0.27,Sandy Clay loam,Summer,175.9303271,31.08564994,pigeonpeas
238,6.8,380,7.56,0.61,0.68,3.92,0.31,4.26,0.39,7.58,0.29,Sandy Clay loam,Summer,139.8710041,18.72987676,pigeonpeas
289,7.5,433,7.48,0.6,0.1,4.52,0.26,3.39,1.09,16.48,0.23,Sandy Clay loam,Summer,189.5208915,29.50304807,pigeonpeas
188,6.8,507,7.51,0.55,1.17,10.56,0.41,8.47,1.36,11.56,0.34,Sandy Clay loam,Summer,137.2279662,20.43517772,pigeonpeas
276,6.6,380,7.57,0.58,0.88,7.24,0.55,2.53,0.58,7.52,0.5,Sandy Clay loam,Summer,134.8596466,36.00415838,pigeonpeas
326,6.8,264,7.51,0.72,0.68,5.13,0.37,5.95,1.25,15.6,0.4,Sandy Clay loam,Summer,174.5723999,31.46846241,pigeonpeas
307,7,539,7.45,0.78,0.49,6.64,0.48,4.6,1.87,12.03,0.27,Sandy Clay loam,Summer,101.6073988,36.30049702,pigeonpeas
207,7.5,348,7.62,0.62,0.1,4.83,0.25,7.56,0.44,7.5,0.53,Sandy Clay loam,Summer,153.2504506,29.49096726,pigeonpeas
257,5.9,602,7.66,0.61,0.88,8.14,0.36,3.95,0.98,19.32,0.5,Sandy Clay loam,Summer,177.5764304,30.5753044,pigeonpeas
358,8.6,517,7.78,0.58,0.2,4.52,0.58,5.68,1.05,11.48,0.48,Sandy Clay loam,Summer,91.95792434,24.69487673,pigeonpeas
25,4.8,338,7.72,0.55,0.39,11.46,0.61,4.55,1.36,9.32,0.25,Sandy Clay loam,Summer,162.5931264,23.17409556,pigeonpeas
176,4.6,433,7.55,0.42,1.17,7.24,0.47,7.23,0.84,7.51,0.32,Sandy Clay loam,Summer,155.3705624,19.04380471,pigeonpeas
345,5.3,306,7.51,0.38,1.07,5.43,0.24,5.91,0.32,6.23,0.55,Sandy Clay loam,Summer,165.4113371,29.32379604,pigeonpeas
126,6.8,391,7.52,0.72,0.88,7.84,0.39,4.21,1.02,8.05,0.67,Sandy Clay loam,Summer,180.9009998,34.6455408,pigeonpeas
264,7.2,370,7.68,0.66,1.27,10.56,0.6,6.52,1.57,11.05,0.4,Sandy Clay loam,Summer,136.8274312,21.9989826,pigeonpeas
245,7.5,401,7.61,0.63,0.78,12.07,0.52,5.27,1.96,6.34,0.29,Sandy Clay loam,Summer,159.689339,22.99774444,pigeonpeas
320,8.6,591,7.62,0.71,0.1,8.75,0.47,8.26,0.83,12.47,0.53,Sandy Clay loam,Summer,178.8998611,30.55992394,pigeonpeas
339,7.5,517,7.78,0.73,0.1,6.94,0.33,9.32,1.25,11.42,0.42,Sandy Clay loam,Summer,165.405354,31.46417866,pigeonpeas
333,6.8,422,7.72,0.82,0.78,11.46,0.32,7.34,1.26,9.5,0.25,Sandy Clay loam,Summer,109.1821183,25.95058595,pigeonpeas
264,18.4,517,7.68,0.62,0.78,11.46,0.29,10.25,1.06,17.54,0.34,Sandy Clay loam,Summer,185.2039114,21.01142393,pigeonpeas
320,20.4,401,7.62,0.68,0.39,4.22,0.26,7.54,0.87,11.63,0.61,Sandy Clay loam,Summer,149.063196,19.25100056,pigeonpeas
289,19.3,507,7.51,0.71,0.88,6.64,0.37,6.32,0.63,10.25,0.36,Sandy Clay loam,Summer,180.6465282,19.24462755,pigeonpeas
276,18.2,591,7.48,0.7,0.29,4.52,0.54,7.21,1.25,18.32,0.42,Sandy Clay loam,Summer,96.74706956,22.47253208,pigeonpeas
295,19.5,539,7.39,0.68,0.68,8.45,0.28,4.02,0.84,4.05,0.29,Sandy Clay loam,Summer,124.6028153,36.75087487,pigeonpeas
333,20.8,370,7.45,0.55,0.2,4.83,0.55,8.32,1.25,12.03,0.5,Sandy Clay loam,Summer,198.1403003,29.89286629,pigeonpeas
351,21.5,718,7.58,0.38,1.07,6.64,0.37,4.55,0.83,6.32,0.21,Sandy Clay loam,Summer,172.40168,29.37735586,pigeonpeas
320,20.4,433,7.68,0.42,0.78,3.92,0.48,6.32,1.02,7.54,0.32,Sandy Clay loam,Summer,186.9226052,29.65052947,pigeonpeas
339,21.1,454,7.73,0.65,0.88,7.54,0.22,4.21,0.87,13.25,0.46,Sandy Clay loam,Summer,173.1106982,19.54284889,pigeonpeas
245,7.5,422,8,0.62,0.39,4.22,0.26,9.05,1.25,9.63,0.34,Sandy Clay loam,Summer,122.4564203,20.04611791,pigeonpeas
282,9.2,338,7.4,0.51,0.2,8.45,0.59,3.22,1.36,14.02,0.61,Sandy Clay loam,Summer,32.67891866,27.91095209,mothbeans
264,10.7,444,7.8,0.54,0.68,10.86,0.45,8.22,0.91,10.25,0.29,Sandy Clay loam,Summer,36.5037914,27.32220619,mothbeans
320,8.1,422,7.6,0.55,0.29,9.95,0.51,6.03,0.84,8.32,0.8,Sandy Clay loam,Summer,36.92629678,28.66024187,mothbeans
314,12.7,359,7.5,0.49,0.78,5.13,0.33,4.21,0.53,11.36,0.36,Sandy Clay loam,Summer,72.98016599,29.02955344,mothbeans
282,6.8,338,7.8,0.61,0.39,4.52,0.26,7.12,1.22,9.32,0.4,Sandy Clay loam,Summer,32.05025323,27.78031515,mothbeans
169,8.1,370,7.9,0.58,1.07,7.24,0.47,10.55,0.78,4.15,0.34,Sandy Clay loam,Summer,71.6266696,31.99928579,mothbeans
245,10.5,327,7.4,0.43,0.49,8.75,0.51,4.02,1.02,17.54,0.42,Sandy Clay loam,Summer,73.44775287,27.33580911,mothbeans
257,8.6,380,7.5,0.52,0.78,3.62,0.23,6.32,1.36,12.03,0.25,Sandy Clay loam,Summer,66.35634104,28.92952635,mothbeans
264,7.7,465,7.6,0.64,0.29,10.86,0.28,8.22,0.84,10.55,0.32,Sandy Clay loam,Summer,36.94255012,27.65472156,mothbeans
333,9.2,380,7.4,0.61,0.59,4.52,0.51,4.49,0.49,16.03,0.32,Sandy Clay loam,Summer,61.32935611,28.52396666,mothbeans
320,12.7,348,7.3,0.44,0.29,7.84,0.36,5.32,1.05,7.05,0.48,Sandy Clay loam,Summer,53.56783314,31.02215872,mothbeans
307,9,370,7.2,0.65,0.68,9.95,0.25,9.26,0.78,6.32,0.36,Sandy Clay loam,Summer,67.43488235,25.74095321,mothbeans
276,8.6,338,7.1,0.58,1.17,8.45,0.31,7.42,0.64,12.47,0.21,Sandy Clay loam,Summer,44.94317432,31.70447482,mothbeans
270,14.7,465,7.4,0.49,0.1,11.16,0.51,3.64,0.59,9.8,0.32,Sandy Clay loam,Summer,34.96933295,24.47876451,mothbeans
282,9.9,422,7.8,0.43,0.78,4.52,0.27,5.19,1.09,3.59,0.53,Sandy Clay loam,Summer,74.44330654,31.46511256,mothbeans
301,7.2,370,7.9,0.47,1.07,7.84,0.38,6.38,0.47,7.51,0.67,Sandy Clay loam,Summer,53.39249517,25.60973447,mothbeans
295,8.1,401,7.3,0.44,0.59,8.45,0.54,4.62,1.58,6.3,0.27,Sandy Clay loam,Summer,68.04039813,30.30260453,mothbeans
307,10.1,391,7.2,0.53,0.2,6.33,0.27,2.88,0.63,12.05,0.36,Sandy Clay loam,Summer,45.78172762,28.17489437,mothbeans
264,10.5,444,7.87,0.66,0.39,10.56,0.37,4.1,0.74,14.58,0.4,Sandy Clay loam,Summer,74.32635105,25.50634557,mothbeans
301,9.9,359,0.9,0.52,0.88,8.14,0.43,6.33,1.25,8.96,0.32,Sandy Clay loam,Summer,32.76742894,31.12896766,mothbeans
270,9,412,7.57,0.32,0.68,7.84,0.52,4.58,1.03,11.36,0.25,Sandy Clay loam,Summer,35.1051197,26.34043268,mothbeans
314,8.6,391,0.9,0.56,0.98,3.92,0.51,1.78,0.6,7.58,0.21,Sandy Clay loam,Summer,72.66666443,28.23494706,mothbeans
345,8.8,444,7.8,0.31,0.78,4.22,0.57,2.91,1.42,19.02,0.55,Sandy Clay loam,Summer,48.25207759,27.04453473,mothbeans
307,8.3,359,7.6,0.68,1.07,5.43,0.36,7.82,0.87,13.26,0.67,Sandy Clay loam,Summer,40.89732789,25.16125354,mothbeans
333,8.6,359,8,0.35,0.68,7.24,0.58,2.55,0.43,12.56,0.42,Sandy Clay loam,Summer,32.55919573,27.3179125,mothbeans
358,6.8,486,8.3,0.33,0.59,4.83,0.34,9.17,1.05,8.05,0.31,Sandy Clay loam,Summer,31.87416982,25.4123765,mothbeans
257,7.5,507,7.3,0.37,0.88,8.45,0.29,4.42,1.25,13.06,0.31,Sandy Clay loam,Summer,53.1205277,31.21629982,mothbeans
295,2.9,612,7.85,0.83,0.2,6.33,0.33,8.61,1.88,4.25,0.21,Sandy Clay loam,Summer,62.74803826,30.573999,mothbeans
276,10.7,655,8.4,0.45,1.07,5.13,0.58,3.32,2.01,9.6,0.32,Sandy Clay loam,Summer,46.19374559,25.42517036,mothbeans
301,12.7,422,8.95,0.39,0.49,8.75,0.67,5.91,0.89,13.52,0.44,Sandy Clay loam,Summer,41.53749535,27.09400578,mothbeans
282,15.6,602,9.5,0.42,0.2,5.13,0.6,5.7,1.07,7.54,0.34,Sandy Clay loam,Summer,58.99536268,24.30935081,mothbeans
295,13.4,412,10.05,0.73,0.68,6.33,0.52,3.31,1.89,3.25,0.48,Sandy Clay loam,Summer,41.0550915,30.06142622,mothbeans
326,11.8,444,10.6,0.88,0.88,8.75,0.43,6.52,0.85,8.05,0.27,Sandy Clay loam,Summer,33.84110759,28.09568993,mothbeans
358,12.5,581,11.15,0.51,0.49,11.16,0.28,4.13,1.23,11.03,0.36,Sandy Clay loam,Summer,55.50429227,26.33908791,mothbeans
264,10.3,475,7.49,0.74,0.78,4.22,0.66,9.31,0.78,6.05,0.44,Sandy Clay loam,Summer,57.02891698,28.61409059,mothbeans
333,14.9,422,8.26,0.48,1.17,8.45,0.51,3.32,1.08,9.21,0.32,Sandy Clay loam,Summer,44.11622138,28.70012137,mothbeans
320,13.8,391,7.38,0.65,0.88,11.16,0.39,6.67,0.65,8.12,0.48,Sandy Clay loam,Summer,42.24783476,24.21610338,mothbeans
282,5.5,665,7.8,0.44,0.1,8.45,0.45,5.51,0.93,12.36,0.31,Sandy Clay loam,Summer,66.1761456,28.50677929,mothbeans
326,10.7,612,7.9,0.4,0.49,6.64,0.36,6.4,0.84,6.35,0.48,Sandy Clay loam,Summer,72.19245835,25.97948991,mothbeans
295,11.8,697,7.6,0.56,0.68,5.13,0.85,5.72,1.23,11.06,0.27,Sandy Clay loam,Summer,55.053805,30.88482722,mothbeans
276,6.1,655,7.4,0.33,0.2,3.92,0.52,6.67,1.58,7.35,0.34,Sandy Clay loam,Summer,65.07981523,25.5042419,mothbeans
182,8.1,370,7.5,0.68,0.78,4.52,0.33,3.33,1.04,15.21,0.29,Sandy Clay loam,Summer,38.48678973,25.12528913,mothbeans
289,9.4,634,7.1,0.51,0.29,7.24,0.4,9.67,0.68,6.03,0.21,Sandy Clay loam,Summer,62.20279647,27.10508014,mothbeans
257,76.8,813,7.9,0.45,1.07,5.73,0.48,6.51,0.79,4.52,0.31,Sandy Clay loam,Summer,70.79934452,31.1006247,mothbeans
364,7.2,644,7.5,0.42,0.88,10.56,0.63,4.42,0.32,12.32,0.32,Sandy Clay loam,Summer,64.16167699,26.45707778,mothbeans
201,9,623,7.6,0.37,0.2,6.33,0.42,6.52,1.05,5.03,0.25,Sandy Clay loam,Summer,31.83192392,30.04132304,mothbeans
333,7,676,7.3,0.69,1.17,4.83,0.52,3.39,1.45,9.65,0.5,Sandy Clay loam,Autumn,50.28438729,27.77799528,mothbeans
320,12.3,676,7.9,0.5,0.59,9.95,0.38,8.24,0.96,11.05,0.27,Sandy Clay loam,Autumn,58.27600682,30.99256944,mothbeans
251,6.6,444,7.5,0.63,0.39,5.43,0.42,1.78,1.03,6.32,0.4,Sandy Clay loam,Autumn,36.99362831,26.4908332,mothbeans
339,5.7,697,8,0.65,0.68,8.75,0.32,6.25,1.85,15.47,0.42,Sandy Clay loam,Autumn,64.25520357,31.96987867,mothbeans
326,11.2,539,7.3,0.21,0.1,6.33,0.52,4.12,1.49,3.05,0.29,Sandy Clay loam,Autumn,55.60523179,25.36140526,mothbeans
289,7.5,708,8.1,0.37,0.59,4.22,0.38,6.58,1.3,12.06,0.46,Sandy Clay loam,Autumn,48.46797044,25.54249137,mothbeans
314,9.2,370,7.4,0.69,0.39,5.43,0.24,2.51,0.52,11.48,0.32,Sandy Clay loam,Autumn,70.4713043,28.99319096,mothbeans
345,8.3,560,7.8,0.51,0.2,6.94,0.39,7.5,1.23,14.21,0.44,Sandy Clay loam,Autumn,34.03335472,29.34317422,mothbeans
270,6.6,338,7.1,0.42,1.07,4.52,0.5,3.02,0.87,9.33,0.36,Sandy Clay loam,Autumn,68.54877876,28.63618921,mothbeans
195,4.8,422,7.9,0.56,0.88,8.45,0.39,4.51,0.69,6.54,0.48,Sandy Clay loam,Autumn,52.0810886,24.83206631,mothbeans
364,12.9,401,8.4,0.54,0.2,9.35,0.45,1.02,1.05,12.03,0.59,Sandy Clay loam,Autumn,57.04826619,25.44689075,mothbeans
314,8.1,570,8.1,0.78,0.68,5.13,0.22,2.25,1.56,15.26,0.27,Sandy Clay loam,Autumn,63.77192383,31.01274943,mothbeans
358,7.2,327,8.2,0.5,0.29,7.24,0.37,3.15,0.86,6.32,0.21,Sandy Clay loam,Autumn,60.74583498,27.06179658,mothbeans
257,11.2,412,8,0.31,1.07,5.43,0.45,6.21,1.32,11.54,0.29,Sandy Clay loam,Autumn,71.1271039,27.0956288,mothbeans
245,5.9,686,7.9,0.56,0.68,7.84,0.61,7.45,1.47,9.03,0.53,Sandy Clay loam,Autumn,64.53027638,28.56800579,mothbeans
276,5.5,348,7.3,0.62,0.2,3.92,0.28,5.32,0.74,2.78,0.4,Sandy Clay loam,Autumn,40.85534718,28.79929247,mothbeans
326,11.2,708,7.4,0.55,0.59,5.43,0.32,6.03,0.86,13.26,0.31,Sandy Clay loam,Autumn,69.66289997,27.94293692,mothbeans
282,5.3,834,7.5,0.58,0.39,9.35,0.28,2.15,1.32,7.05,0.53,Sandy Clay loam,Autumn,61.86633917,30.47757686,mothbeans
270,6.1,697,7,0.4,0.68,6.64,0.51,2.14,0.96,9.21,0.52,Sandy Clay loam,Autumn,64.58559639,30.58139475,mothbeans
295,4.4,634,7.9,0.53,1.17,5.13,0.46,3.21,1.25,14.05,0.48,Sandy Clay loam,Autumn,44.13827124,26.85911286,mothbeans
289,5.7,612,7.5,0.67,0.59,11.76,0.39,5.21,1.3,2.68,0.44,Sandy Clay loam,Autumn,35.73403813,26.31051759,mothbeans
314,11.8,359,7.6,0.52,1.27,6.33,0.52,2.15,0.86,3.59,0.27,Sandy Clay loam,Autumn,33.95825723,28.77833449,mothbeans
245,6.6,655,7.8,0.59,0.1,5.13,0.3,1.05,0.59,7.12,0.55,Sandy Clay loam,Autumn,71.90018566,28.90245417,mothbeans
257,7.2,697,7.9,0.64,0.78,6.64,0.29,2.06,0.47,16.03,0.73,Sandy Clay loam,Autumn,38.34303462,29.37687468,mothbeans
301,6.4,327,8.1,0.67,0.39,9.05,0.32,3.32,0.9,14.59,0.5,Sandy Clay loam,Autumn,59.18953429,24.17093241,mothbeans
351,12.3,475,7.4,0.45,0.88,8.45,0.47,1.58,1.59,2.15,0.46,Sandy Clay loam,Autumn,36.91852635,26.65333029,mothbeans
276,7.2,348,7.5,0.69,0.2,10.26,0.56,2.69,1.36,9.32,0.29,Sandy Clay loam,Autumn,52.13580529,28.19912143,mothbeans
264,6.1,644,7.6,0.33,0.68,9.95,0.28,3.21,1.87,11.05,0.32,Sandy Clay loam,Autumn,55.21606732,28.76488954,mothbeans
358,11.4,401,7.8,0.54,0.49,8.45,0.31,3.57,0.86,7.36,0.21,Sandy Clay loam,Autumn,40.82840673,29.3499706,mothbeans
220,7,634,7.9,0.62,0.1,4.52,0.22,2.6,1.59,14.52,0.53,Sandy Clay loam,Autumn,36.01203025,28.00937423,mothbeans
270,7.7,771,7.1,0.2,0.78,8.75,0.35,7.32,2.02,19.03,0.44,Sandy Clay loam,Autumn,34.7426459,26.85851927,mothbeans
245,5.5,391,7.8,0.54,0.29,11.46,0.39,6.21,1.45,11.25,0.29,Sandy Clay loam,Autumn,53.78769958,31.2123945,mothbeans
251,6.4,655,7.5,0.68,1.07,4.52,0.28,4.51,0.63,2.69,0.46,Sandy Clay loam,Autumn,46.0203959,24.20422636,mothbeans
301,8.1,729,7.6,0.36,0.88,7.84,0.54,5.32,0.85,8.12,0.34,Sandy Clay loam,Autumn,52.92929636,29.98835437,mothbeans
270,11.8,781,7.4,0.46,1.17,9.95,0.33,6.02,1.09,13.25,0.32,Sandy Clay loam,Autumn,45.43669946,29.93964907,mothbeans
257,6.6,401,7.9,0.61,0.1,8.45,0.38,4.96,1.57,9.36,0.5,Sandy Clay loam,Autumn,68.80141783,31.2119298,mothbeans
264,7.9,380,7.2,0.33,0.88,11.16,0.49,3.51,0.96,10.85,0.21,Sandy Clay loam,Autumn,43.87801983,26.80474415,mothbeans
276,11.2,475,7.5,0.35,0.39,4.52,0.52,6.32,0.54,8.62,0.34,Sandy Clay loam,Autumn,64.56807592,31.49398069,mothbeans
270,8.6,454,7.52,0.41,0.68,7.84,0.66,4.21,1.08,11.47,0.44,Sandy Clay loam,Autumn,38.31597852,30.99694676,mothbeans
213,7.5,306,7.63,0.51,0.59,8.45,0.39,3.2,1.77,9.63,0.32,Sandy Clay loam,Autumn,50.1978269,29.61253065,mothbeans
157,6.8,760,7.71,0.73,0.2,6.33,0.54,1.6,0.39,18.05,0.36,Sandy Clay loam,Autumn,44.86052932,29.97604322,mothbeans
207,7.5,306,7.72,0.72,0.39,10.56,0.26,3.25,1.25,4.85,0.21,Sandy Clay loam,Autumn,55.51932414,30.88883074,mothbeans
151,7.2,465,7.53,0.43,1.17,8.14,0.37,4.15,0.98,7.32,0.34,Sandy Clay loam,Autumn,35.37493212,30.39321309,mothbeans
201,7.7,507,7.82,0.43,0.78,7.84,0.55,6.32,0.63,13.85,0.25,Sandy Clay loam,Autumn,30.92014047,30.43683729,mothbeans
220,9,338,7.52,0.84,0.1,3.92,0.42,2.85,1.54,11.25,0.17,Sandy Clay loam,Autumn,32.71129281,25.32688786,mothbeans
207,8.6,454,7.44,0.41,0.88,4.22,0.6,3.02,0.87,6.32,0.5,Sandy Clay loam,Autumn,33.48919022,30.53684308,mothbeans
151,7.9,380,7.42,0.62,0.29,5.43,0.28,4.15,0.63,7.54,0.25,Sandy Clay loam,Autumn,47.95406479,30.38257873,mothbeans
163,6.1,296,7.34,0.44,0.39,7.24,0.33,9.62,0.42,15.22,0.53,Sandy Clay loam,Autumn,35.03404425,24.01825377,mothbeans
276,8.6,486,7.52,0.52,0.68,4.83,0.38,4.15,1.02,9.02,0.27,Sandy Clay loam,Autumn,65.67591794,28.69841277,mothbeans
270,8.3,465,7.29,0.63,0.1,8.45,0.45,7.62,1.63,11.52,0.42,Sandy Clay loam,Autumn,42.44054315,29.33743412,mothbeans
69,8.1,422,7.42,0.53,0.59,6.33,0.41,3.52,0.89,18.63,0.32,Sandy Clay loam,Autumn,70.10472076,27.96583691,mothbeans
307,103.1,232,7.25,0.82,0.49,5.13,0.27,6.25,1.02,10.25,0.21,Sandy Clay loam,Autumn,63.9187654,24.86803974,mothbeans
31,78.9,433,7.72,0.62,0.29,8.75,0.33,4.05,0.54,6.32,0.25,Sandy Clay loam,Autumn,38.53254678,25.87682261,mothbeans
320,63.6,306,7.61,0.42,1.07,10.86,0.28,8.35,0.78,7.54,0.53,Sandy Clay loam,Autumn,32.81296548,31.01963639,mothbeans
314,61.4,359,7.35,0.42,0.88,5.13,0.56,3.14,1.02,14.02,0.59,Sandy Clay loam,Autumn,54.73367631,27.43329405,mungbean
270,70.2,750,7.77,0.34,0.39,6.33,0.35,6.52,1.86,18.52,0.27,Sandy Clay loam,Autumn,38.7976407,28.3340432,mungbean
276,68,296,7.65,0.53,0.68,8.75,0.29,4.12,1.32,11.25,0.4,Sandy Clay loam,Autumn,55.296354,27.01470397,mungbean
270,65.8,306,8.02,0.64,0.2,11.16,0.36,8.06,0.93,9.62,0.53,Sandy Clay loam,Autumn,36.35720652,28.17432665,mungbean
69,74.6,454,7.72,0.56,0.59,7.54,0.24,3.45,1.25,8.05,0.21,Sandy Clay loam,Autumn,44.75215854,29.87888063,mungbean
276,81.1,380,7.71,0.71,0.78,3.92,0.35,2.21,1.54,4.51,0.5,Sandy Clay loam,Autumn,42.99498978,29.89232778,mungbean
270,68,317,7.51,0.53,1.07,8.45,0.28,1.59,0.84,6.32,0.25,Sandy Clay loam,Autumn,56.48265193,28.56212158,mungbean
301,63.6,327,7.7,0.53,0.88,4.22,0.57,6.32,1.25,14.25,0.32,Sandy Clay loam,Autumn,53.01899249,27.53592929,mungbean
270,70.2,401,7.51,0.7,1.17,6.64,0.49,4.02,0.36,7.54,0.36,Sandy Clay loam,Autumn,41.82490236,29.68361658,mungbean
276,61.4,422,7.44,0.54,0.88,4.83,0.26,1.87,0.87,11.25,0.21,Sandy Clay loam,Autumn,46.75690086,28.14448546,mungbean
107,74.6,486,7.53,0.58,0.68,6.94,0.35,6.25,1.25,8.32,0.29,Sandy Clay loam,Autumn,59.87232071,29.53037621,mungbean
75,59.2,549,7.5,0.46,0.1,10.56,0.28,3.05,0.93,6.32,0.69,Sandy Clay loam,Autumn,44.64407105,27.88352946,mungbean
207,74.6,686,7.41,0.57,1.07,4.22,0.51,4.2,1.25,9.25,0.46,Sandy Clay loam,Autumn,44.01206619,28.22471276,mungbean
100,74.6,412,7.51,0.45,0.78,7.54,0.26,3.54,1.63,14.25,0.29,Sandy Clay loam,Autumn,45.91011391,29.008124,mungbean
207,78.9,718,7.29,0.52,0.2,5.43,0.37,6.02,0.85,18.22,0.46,Sandy Clay loam,Autumn,37.54602719,29.75538903,mungbean
144,81.1,401,7.41,0.61,0.68,6.64,0.44,7.51,1.25,10.25,0.34,Sandy Clay loam,Autumn,40.77872823,29.78416743,mungbean
213,98.7,359,7.34,0.82,0.88,3.92,0.51,3.21,1.03,3.28,0.63,Sandy Clay loam,Autumn,42.83053902,27.8640132,mungbean
201,74.6,454,7.33,0.56,0.39,7.84,0.28,6.54,1.87,9.63,0.29,Sandy Clay loam,Autumn,51.52617423,27.11026483,mungbean
151,85.5,422,8.12,0.46,0.49,9.65,0.36,7.02,0.84,14.52,0.55,Sandy Clay loam,Autumn,49.11964582,27.11030369,mungbean
144,70.2,581,7.43,0.53,0.29,5.13,0.29,5.12,1.25,10.25,0.61,Sandy Clay loam,Autumn,57.65901369,28.95451232,mungbean
282,72.4,549,7.62,0.63,0.1,3.32,0.37,6.32,1.63,7.54,0.46,Sandy Clay loam,Autumn,43.1386631,29.21780035,mungbean
207,76.8,560,7.42,0.42,0.78,7.54,0.48,4.15,1.02,13.25,0.29,Sandy Clay loam,Autumn,48.54598575,28.7420098,mungbean
220,9,454,7.03,0.53,0.68,3.62,0.22,9.03,1.87,10.58,0.21,Sandy Clay loam,Autumn,56.76278363,29.65021184,mungbean
276,12.9,401,7.91,0.52,0.2,7.54,0.26,2.15,0.84,6.33,0.71,Sandy Clay loam,Autumn,37.31236904,27.23924995,mungbean
282,13.2,433,7.02,0.81,0.1,4.22,0.37,6.32,0.93,14.25,0.29,Sandy Clay loam,Autumn,56.51103293,28.95172351,mungbean
264,12.1,560,7.44,0.53,1.07,10.86,0.48,1.25,1.02,10.25,0.42,Sandy Clay loam,Autumn,37.01110438,28.18837136,mungbean
195,9.4,539,7.58,0.76,0.88,8.75,0.56,7.02,1.33,7.54,0.34,Sandy Clay loam,Autumn,50.47333854,28.30041493,mungbean
188,9.2,444,7.32,0.49,0.59,3.92,0.52,3.25,1.58,6.32,0.74,Sandy Clay loam,Autumn,57.79863368,27.89636126,mungbean
226,9,422,7.43,0.71,0.88,8.14,0.48,5.22,0.78,9.25,0.42,Sandy Clay loam,Autumn,44.56598352,28.6899851,mungbean
213,9.6,729,7.8,0.49,0.2,4.22,0.37,8.33,0.65,10.25,0.29,Sandy Clay loam,Autumn,56.68833819,27.8262623,mungbean
201,9,454,7.01,0.47,0.68,6.64,0.54,1.56,1.25,8.54,0.46,Sandy Clay loam,Autumn,59.87065439,28.70562673,mungbean
207,7.7,465,7.51,0.62,0.29,4.83,0.28,6.32,0.98,15.26,0.32,Sandy Clay loam,Autumn,48.48319335,28.6362812,mungbean
220,12.3,760,7.02,0.65,0.24,23.9,0.16,0.76,0.36,4.65,0.53,Sandy Clay loam,Autumn,48.56690235,28.28511547,mungbean
276,9.4,486,7.04,0.74,0.24,23.9,0.16,0.76,0.36,4.65,0.53,Sandy Clay loam,Autumn,43.80041104,27.60887393,mungbean
226,10.3,612,7.05,0.48,0.41,4.5,0.31,0.44,0.44,6.2,0.71,Sandy Clay loam,Autumn,36.94616965,28.60901145,mungbean
207,9.4,813,7.01,0.38,0.46,9.9,0.39,0.39,0.52,5.37,0.64,Sandy Clay loam,Autumn,53.43228915,29.24598976,mungbean
270,11.4,655,7.05,0.62,0.51,7.1,0.44,1.11,0.23,1.88,1.17,Sandy Clay loam,Autumn,50.49913241,28.62911222,mungbean
295,10.7,644,7.08,0.73,0.57,6.7,0.44,0.42,0.51,6.33,0.85,Sandy Clay loam,Autumn,45.04467075,29.57329479,mungbean
238,8.3,412,7.06,0.36,0.7,4.6,0.31,0.34,0.63,7.13,0.65,Sandy Clay loam,Autumn,58.37249772,27.82684262,mungbean
207,9.4,444,7.1,0.64,0.51,10.8,0.38,0.27,0.61,6.41,0.77,Sandy Clay loam,Autumn,40.12044158,29.8757015,mungbean
182,9.2,465,7.4,0.6,0.51,6.8,0.42,1.24,0.31,10.23,0.84,Sandy Clay loam,Autumn,51.09802625,27.33684386,mungbean
232,8.8,665,7.5,0.37,0.41,4.7,0.5,0.21,0.21,2.11,0.51,Sandy Clay loam,Autumn,58.86687093,29.83040388,mungbean
289,10.7,475,7.35,0.63,0.24,3.7,0.4,0.31,0.38,6.11,0.31,Sandy Clay loam,Autumn,56.04995423,28.2753171,mungbean
195,12.5,507,7.34,0.51,0.46,4.8,0.36,0.51,0.35,10.22,0.52,Sandy Clay loam,Autumn,58.41394143,29.86860065,mungbean
207,10.7,391,7.29,0.82,0.62,4.7,0.41,1.09,0.42,3.52,0.91,Sandy Clay loam,Autumn,54.96121262,29.5888162,mungbean
238,9.9,623,7.28,0.58,0.27,29.8,0.23,0.65,0.23,4.79,0.5,Sandy Clay loam,Autumn,49.61865305,28.07219563,mungbean
201,11.4,834,7.25,0.47,0.41,5.4,0.41,0.61,0.24,6.62,0.52,Sandy Clay loam,Autumn,52.84626009,27.84026517,mungbean
345,9.6,422,7.37,0.49,0.38,7.1,0.37,1.71,0.27,6.23,0.77,Sandy Clay loam,Autumn,55.03723979,27.10818093,mungbean
238,10.3,454,7.41,0.66,0.68,2.7,0.4,1.32,0.38,3.12,0.85,Sandy Clay loam,Autumn,54.62243308,27.68515114,mungbean
201,10.5,444,7.28,0.88,0.46,6.6,0.34,1.31,0.47,6.33,0.77,Sandy Clay loam,Autumn,59.03629954,29.34594634,mungbean
232,9.9,454,7.45,0.39,0.65,6.6,0.42,3.11,0.39,1.17,1.29,Sandy Clay loam,Autumn,52.93031105,28.36319404,mungbean
314,8.3,486,7.41,0.42,0.57,5.9,0.35,1.02,0.41,9.86,0.71,Sandy Clay loam,Autumn,56.52558045,27.65280218,mungbean
245,9.2,391,7.58,0.81,0.84,17.1,0.31,1.22,0.44,3.14,0.87,Sandy Clay loam,Autumn,53.15223123,27.31372793,mungbean
351,7.2,581,7.8,0.56,0.54,8.4,0.42,1.12,0.33,1.11,1.13,Sandy Clay loam,Autumn,50.46746116,27.06909959,mungbean
264,9.9,454,7.4,0.33,0.73,5.1,0.42,0.81,0.23,4,1.44,Sandy Clay loam,Autumn,39.23831035,28.06642822,mungbean
364,7,391,7.9,0.57,0.51,6.7,0.34,0.53,0.31,1.72,1.22,Sandy Clay loam,Autumn,44.17580911,27.73329078,mungbean
377,8.1,549,7.5,0.62,0.32,12.7,0.28,0.96,0.26,3.31,0.43,Sandy Clay loam,Autumn,45.48591922,27.53632932,mungbean
282,5.3,697,7.6,0.58,0.46,6.4,0.3,0.34,0.22,1.88,0.07,Sandy Clay loam,Autumn,56.09542002,29.66461594,mungbean
276,8.6,570,7.5,0.36,0.59,3.4,0.42,0.79,0.2,3.16,1.36,Sandy Clay loam,Autumn,41.39081525,29.9145443,mungbean
320,3.9,507,7.4,0.34,0.51,4.7,42,44,0.42,1.22,1.17,Sandy Clay loam,Autumn,57.99524359,28.36363858,mungbean
276,7.9,433,7.9,0.61,0.41,5.9,0.4,0.41,0.22,1.21,1.12,Sandy Clay loam,Autumn,43.15411472,29.46416042,mungbean
370,12.7,317,8.1,0.52,0.46,6.7,0.24,0.52,0.27,1.31,1.23,Sandy Clay loam,Autumn,50.91511275,29.73013036,mungbean
207,7,623,7.5,0.59,0.43,8.9,0.42,0.62,0.27,3.11,1.32,Sandy Clay loam,Autumn,43.78420984,27.46852989,mungbean
169,6.8,602,8.3,0.44,0.22,4.1,0.37,0.24,0.33,3.42,2.13,Sandy Clay loam,Autumn,49.50812624,27.77076285,mungbean
345,4.4,686,8,0.56,0.35,7.7,0.4,0.22,0.24,2.71,1.12,Sandy Clay loam,Autumn,36.45012824,29.12939524,mungbean
333,7.2,560,7.6,0.51,0.59,5.9,0.4,0.81,0.24,1.13,1.42,Sandy Clay loam,Autumn,37.45680611,27.10606808,mungbean
188,11.4,602,7.9,0.6,0.51,3.7,0.41,0.62,0.34,2.44,1.88,Sandy Clay loam,Autumn,53.79732545,28.88078945,mungbean
364,6.8,444,7.5,0.55,24,8.2,38,34,0.21,4.14,1.21,Sandy Clay loam,Autumn,37.44800463,28.14720892,mungbean
326,10.1,803,7.4,0.53,0.57,6,0.37,0.98,0.37,1.43,1.29,Sandy Clay loam,Autumn,54.7960127,29.89129144,mungbean
351,8.1,570,7.3,0.3,0.51,4.7,0.34,0.3,0.41,4.23,2.11,Sandy Clay loam,Autumn,40.53173216,27.41503453,mungbean
377,5.3,623,7.2,0.58,0.32,9.9,0.09,0.9,0.21,0.11,0.43,Sandy Clay loam,Autumn,50.9246554,29.27308605,mungbean
307,8.6,750,7.4,0.63,0.73,4.4,0.38,0.58,0.32,3.31,0.86,Sandy Clay loam,Autumn,56.01913159,29.65296893,mungbean
295,12.5,560,7.9,0.51,0.51,21.4,0.13,1.06,0.22,1.42,0.15,Sandy Clay loam,Autumn,58.18713162,28.44524991,mungbean
213,7,718,7.5,0.47,0.3,1.8,0.22,1.29,0.09,3.09,0.33,Sandy Clay loam,Autumn,48.9366954,27.96235681,mungbean
226,4.4,760,7.8,0.32,0.57,5.9,0.42,0.21,0.22,3.41,0.73,Sandy Clay loam,Autumn,42.02483277,29.25649321,mungbean
301,7.2,528,7.9,0.59,0.51,5.3,0.35,0.31,0.23,4.43,0.71,Sandy Clay loam,Autumn,43.05130077,28.36291385,mungbean
314,6.8,602,7.4,0.55,0.19,17.2,0.2,0.73,0.25,31,0.47,Sandy Clay loam,Autumn,39.26137642,27.62749466,mungbean
270,10.5,475,7.8,0.37,0.51,7.1,0.34,1.13,0.22,4.66,0.61,Sandy Clay loam,Autumn,50.01534317,28.66086349,mungbean
295,7.9,623,7.3,0.54,0.19,17,0.13,4.82,0.17,10.6,0.25,Sandy Clay loam,Autumn,51.53848218,29.2114218,mungbean
245,7.5,570,7,0.69,0.51,8.8,0.19,1.47,0.24,12.59,0.36,Sandy Clay loam,Autumn,53.35486977,29.40889385,mungbean
282,12.9,612,7.9,0.51,0.41,6.6,0.41,1.29,0.33,6.21,0.61,Sandy Clay loam,Autumn,36.12042927,28.02952623,mungbean
264,7.7,380,7.2,0.36,0.32,6.8,0.19,1.02,0.19,18.82,0.46,Black soil,Autumn,38.14476781,28.08657178,mungbean
339,8.1,560,7.5,0.73,0.54,2.4,0.43,0.6,0.19,2.69,1.3,Black soil,Autumn,40.16545979,29.16174608,mungbean
289,7,444,7.6,0.58,0.46,4.7,0.46,1.09,0.27,6.31,0.35,Black soil,Autumn,50.66487502,29.8596912,mungbean
320,65.8,528,7.5,0.52,0.49,1.5,0.11,1.14,0.2,13.92,0.29,Black soil,Autumn,43.95183726,29.06631494,mungbean
345,76.8,676,7.1,0.7,0.38,8.2,0.34,0.83,0.27,6.13,0.32,Black soil,Autumn,58.29933073,27.38538997,mungbean
333,7.2,549,7.4,0.66,0.46,7.2,0.28,1.87,0.27,13.38,0.47,Black soil,Autumn,43.25095608,27.93034941,mungbean
301,111.8,486,7.5,0.54,0.43,6.5,0.25,1.57,0.23,18.71,0.35,Black soil,Autumn,44.47427436,29.2808618,mungbean
314,7.9,581,7.9,0.58,0.49,4.8,0.4,0.68,0.21,8.91,1.24,Black soil,Autumn,59.84499208,28.9973145,mungbean
326,7.5,612,8.2,0.5,0.57,1.6,0.22,2.18,0.14,18.06,0.5,Black soil,Autumn,43.4826194,27.92678579,mungbean
358,8.3,517,8.1,0.45,0.46,7.1,0.22,1.61,0.3,13.14,0.41,Black soil,Autumn,49.4897245,28.5474135,mungbean
320,6.6,602,8,0.52,0.35,7.2,0.34,0.49,0.31,1.27,0.47,Black soil,Autumn,48.30159325,29.36488409,mungbean
370,125,528,8.1,0.57,0.51,2.7,0.26,1.85,0.1,0.26,0.38,Black soil,Autumn,41.013132,28.56149805,mungbean
339,6.8,560,8,0.61,0.62,8.9,0.07,1.5,0.19,30.48,0.35,Black soil,Autumn,43.12063289,28.43683487,mungbean
226,15.1,549,7.2,0.59,0.46,5.1,0.36,1.7,0.29,6.59,1.69,Black soil,Autumn,44.30070517,28.79728147,mungbean
326,7.5,433,8.1,0.76,0.41,27.3,0.23,1.22,0.38,1.38,0.49,Black soil,Autumn,58.52974279,28.7275267,mungbean
232,11.4,570,8.1,0.54,0.41,7.1,0.31,0.63,0.42,4.32,1.13,Black soil,Autumn,43.25726752,27.95639663,mungbean
220,7.7,517,8.3,0.73,0.46,6.4,0.35,0.53,0.42,3.77,0.86,Black soil,Autumn,37.2464655,28.17458662,mungbean
301,7.2,591,8,0.75,0.32,31,0.19,1.24,0.34,14.31,0.43,Black soil,Autumn,56.12443206,28.77653519,mungbean
351,5.7,581,7.4,0.61,0.78,5.8,0.44,1.13,0.22,21.32,1.49,Black soil,Autumn,52.55469976,28.438097,mungbean
282,12.7,465,7.5,0.63,0.3,24.4,0.09,1.03,0.25,9.35,0.39,Black soil,Autumn,71.89090748,29.48439992,blackgram
364,7.7,602,7.9,0.53,0.32,10.78,0.7,1.21,0.22,7.45,0.34,Black soil,Autumn,67.15096376,26.73433965,blackgram
339,11,623,8.3,0.67,0.32,3.7,0.28,1.36,0.18,13.92,0.19,Black soil,Autumn,70.23207557,26.27274407,blackgram
383,118.4,665,8.1,0.6,0.65,8.7,0.4,0.67,0.34,3.13,1.41,Black soil,Autumn,73.23573601,34.03679184,blackgram
370,7,528,7.5,0.56,0.73,7.1,0.37,0.74,0.38,1.14,1.35,Black soil,Autumn,72.49507741,28.03644051,blackgram
295,8.1,803,8,0.32,0.78,6.7,0.34,0.77,0.18,7.81,1.24,Black soil,Autumn,62.26242533,28.81460716,blackgram
270,9.4,539,8.3,0.69,0.76,5.9,0.31,0.81,0.23,1.29,0.79,Black soil,Autumn,66.85510868,34.03619494,blackgram
377,8.6,549,8.1,0.55,0.57,3.8,0.37,1.11,0.21,1.12,1.17,Black soil,Autumn,68.02199825,33.8642935,blackgram
220,7.2,507,8,0.38,0.78,4.7,0.4,0.72,0.17,14.02,1.26,Black soil,Autumn,73.67166182,32.84213012,blackgram
207,11.2,317,7.4,0.32,0.62,6.6,0.34,0.78,0.28,1.21,0.49,Black soil,Autumn,73.84949872,27.10053268,blackgram
264,7.7,539,7.9,0.49,0.65,4.4,0.36,0.83,0.28,1.01,0.57,Black soil,Autumn,69.28607828,25.65842532,blackgram
220,7,781,7.5,0.54,0.76,1.5,0.32,0.77,0.18,8.14,1.29,Black soil,Autumn,64.55882254,32.34744009,blackgram
213,12.5,549,7.8,0.1,0.51,4.7,0.34,1.22,0.21,1.82,0.84,Black soil,Autumn,67.53021213,29.58949031,blackgram
370,6.6,591,7.3,0.38,0.65,0.64,0.36,0.77,0.18,2.11,1.18,Black soil,Autumn,66.63830637,30.91219459,blackgram
383,14,718,7.8,0.41,0.62,7.1,0.37,0.66,0.22,2.31,1.31,Black soil,Autumn,70.86340755,28.12787838,blackgram
351,8.6,771,7.9,0.45,0.59,4.9,0.38,0.74,0.22,3.13,0.65,Black soil,Autumn,67.1367443,30.08545364,blackgram
377,11.2,623,7.8,0.64,0.54,3.8,0.37,0.88,0.31,1.13,0.85,Black soil,Autumn,68.97097538,31.74379487,blackgram
364,11.4,602,7.3,0.33,0.7,1.2,0.34,0.88,0.26,13.71,1.51,Black soil,Autumn,69.75555541,27.81326852,blackgram
333,12.3,686,7.4,0.57,0.41,6.4,0.34,1.29,0.27,0.84,1.27,Black soil,Autumn,71.50569456,32.88733849,blackgram
301,6.8,539,7.5,0.3,0.57,4.7,0.4,1.13,0.3,8.14,0.8,Black soil,Autumn,61.91208707,29.36358721,blackgram
201,8.3,591,7.6,0.68,0.57,5.9,0.42,0.81,0.37,7.35,0.71,Black soil,Autumn,74.01229707,27.82592799,blackgram
358,10.7,665,7.3,0.62,0.62,4.1,0.44,0.67,0.27,10.61,1.49,Black soil,Autumn,74.91559514,28.49538735,blackgram
345,8.1,634,7.1,0.56,0.59,7.2,0.33,0.47,0.41,2.29,0.65,Black soil,Autumn,71.78615328,27.74274761,blackgram
370,7.2,581,7.3,0.34,0.49,5.5,0.36,1.33,0.31,8.23,0.71,Black soil,Autumn,63.02473185,30.41588462,blackgram
257,4.4,507,7.1,0.75,0.68,6.5,0.4,0.97,0.24,2.75,1.46,Black soil,Autumn,61.19250859,27.3254209,blackgram
339,8.3,549,7.5,0.31,0.65,8.4,0.44,0.44,0.31,3.17,1.27,Regur soil,Autumn,65.62859526,30.28496619,blackgram
377,7.9,602,7.8,0.55,0.86,6.3,0.42,0.69,0.83,7.6,1.84,Regur soil,Autumn,63.49726331,28.56840626,blackgram
351,9.6,623,7.9,0.43,0.57,5.9,0.37,1.28,0.41,9.53,1.17,Regur soil,Autumn,65.81655892,25.36586097,blackgram
339,6.8,570,7.5,0.79,0.59,1.7,0.13,1.45,0.33,2.72,0.36,Regur soil,Autumn,70.1415139,34.9466155,blackgram
201,12.9,433,7.8,0.46,0.65,2.5,0.09,1.44,0.2,19.69,0.22,Regur soil,Autumn,74.61649888,25.09737391,blackgram
345,7.5,528,7.9,0.82,0.65,2.5,0.09,1.44,0.2,19.69,0.22,Regur soil,Autumn,65.820457,32.47648301,blackgram
333,8.3,665,7.3,0.3,0.46,7.2,0.27,1.87,0.47,13.38,0.28,Regur soil,Autumn,69.24464096,33.86351172,blackgram
351,7,549,7.5,0.37,0.3,6.3,0.21,0.71,0.5,3.11,0.09,Regur soil,Autumn,70.88787207,25.19857725,blackgram
295,14.5,612,8.2,0.38,0.49,7.54,0.36,2.25,0.69,12.36,0.48,Regur soil,Autumn,61.46892873,31.77681682,blackgram
282,9.2,676,8,0.62,0.78,11.46,0.47,7.15,1.02,4.51,0.25,Regur soil,Autumn,64.72797143,34.89814946,blackgram
257,11.6,433,7.4,0.73,0.1,4.22,0.25,3.26,1.24,9.62,0.42,Regur soil,Autumn,62.3061735,31.74105409,blackgram
270,12.1,401,7.9,0.36,0.78,8.45,0.21,9.05,0.77,14.55,0.17,Regur soil,Autumn,69.85112265,27.16159076,blackgram
289,14.5,549,7.3,0.64,1.07,11.16,0.34,4.55,0.53,6.32,0.29,Regur soil,Autumn,73.58663968,26.23773129,blackgram
301,13.6,496,7.8,0.6,0.88,8.45,0.51,6.28,1.25,17.54,0.46,Regur soil,Autumn,66.37171179,30.20157245,blackgram
295,12.5,412,7.2,0.37,0.39,6.64,0.27,1.05,1.39,11.58,0.25,Regur soil,Autumn,74.86960831,31.55846339,blackgram
276,15.4,433,7.3,0.63,0.88,5.43,0.33,6.25,0.54,7.54,0.31,Regur soil,Autumn,65.66436565,29.67892453,blackgram
326,13.4,454,7.9,0.51,0.49,7.84,0.28,8.25,0.33,13.02,0.32,Regur soil,Autumn,60.4693835,27.05365239,blackgram
270,13.8,845,7.5,0.82,0.1,3.32,0.45,1.32,0.78,8.54,0.42,Regur soil,Summer,72.43169115,34.63880966,blackgram
289,14.7,750,8.1,0.58,0.68,5.13,0.37,4.51,0.59,11.63,0.31,Regur soil,Summer,63.57445989,33.39438752,blackgram
314,8.3,591,8,0.47,1.07,11.76,0.25,3.25,0.62,19.52,0.61,Regur soil,Summer,70.25496749,28.84079155,blackgram
345,9.9,507,7.9,0.49,0.78,8.45,0.59,7.54,0.37,14.33,0.34,Regur soil,Summer,71.48327008,31.49338309,blackgram
307,6.8,370,7.3,0.66,0.2,7.24,0.51,6.05,1.36,10.56,0.42,Regur soil,Summer,63.1830529,25.54960633,blackgram
339,7.5,475,7.2,0.88,0.78,4.83,0.34,8.21,1.07,7.54,0.55,Regur soil,Summer,70.27184748,34.37329112,blackgram
314,10.3,676,7.9,0.39,0.1,3.32,0.28,3.25,1.94,9.36,0.67,Regur soil,Summer,60.41790253,34.6008247,blackgram
333,12.7,887,7.4,0.42,0.68,5.43,0.34,1.96,2.01,14.52,0.34,Regur soil,Summer,72.17818157,29.43463808,blackgram
351,14.3,560,7.6,0.37,1.07,8.14,0.28,1.05,0.87,13.26,0.48,Regur soil,Summer,67.83345933,29.10713092,blackgram
358,10.1,602,7.8,0.32,0.29,9.95,0.33,2.51,0.51,10.85,0.42,Regur soil,Summer,70.0866434,28.57006111,blackgram
301,10.3,412,7.3,0.77,0.78,4.22,0.52,7.15,0.39,7.54,0.74,Regur soil,Summer,69.40878198,27.54384835,blackgram
326,11.8,444,7.4,0.4,0.1,8.45,0.48,3.25,0.46,9.55,0.88,Regur soil,Summer,62.30278274,33.04687968,blackgram
314,8.1,644,7.8,0.61,0.88,3.92,0.29,9.02,1.12,8.52,0.29,Regur soil,Summer,61.16350463,33.95309131,blackgram
320,8.6,380,7.94,0.69,0.29,8.45,0.41,4.15,0.77,4.15,0.5,Regur soil,Summer,71.72980375,30.11873003,blackgram
358,12.9,422,7.02,0.48,0.68,9.95,0.39,3.22,0.91,6.32,0.65,Regur soil,Summer,69.43895491,29.57812712,blackgram
345,13.6,444,7.85,0.38,0.1,5.13,0.35,6.21,0.63,12.05,0.34,Regur soil,Summer,68.91754359,27.26458947,blackgram
314,14.9,359,7.04,0.43,0.78,6.33,0.42,4.15,0.54,10.52,0.42,Regur soil,Summer,63.85668948,31.35730791,blackgram
333,13.8,401,7.62,0.51,0.59,10.56,0.51,2.11,0.71,8.54,0.31,Regur soil,Summer,61.71111448,31.52104732,blackgram
339,8.3,380,7.67,0.32,0.39,10.26,0.33,8.02,1.25,3.25,0.52,Regur soil,Summer,67.47677295,29.39982732,blackgram
326,10.3,507,7.88,0.71,0.1,4.52,0.28,3.02,1.09,7.15,0.67,Regur soil,Summer,65.24194361,29.38400259,blackgram
351,10.7,623,7.96,0.51,0.29,8.45,0.22,4.51,0.38,9.06,0.34,Regur soil,Summer,74.24459122,28.38686534,blackgram
301,14.3,370,7.05,0.95,0.88,5.13,0.34,6.25,1.22,15.32,0.55,Regur soil,Summer,69.5274407,28.47442276,blackgram
251,13.2,496,7.87,0.4,0.39,10.26,0.29,1.25,0.94,11.56,0.21,Regur soil,Summer,71.36947525,30.64095781,blackgram
326,12.7,454,7.01,0.42,0.2,6.64,0.43,7.15,0.37,17.32,0.52,Regur soil,Summer,68.64685069,25.25596239,blackgram
289,16,327,7.03,0.5,0.49,5.43,0.51,3.02,1.22,10.58,0.74,Regur soil,Autumn,73.44678678,32.97030511,blackgram
276,17.3,454,7.91,0.46,1.07,6.33,0.33,4.15,1.06,12.56,0.27,Regur soil,Autumn,67.32520551,33.66855394,blackgram
245,6.6,475,7.02,0.51,0.78,5.13,0.28,3.25,0.93,7.54,0.53,Regur soil,Autumn,73.40452716,32.83963757,blackgram
345,12.7,412,7.44,0.29,0.39,11.76,0.24,8.06,0.57,16.32,0.25,Regur soil,Autumn,69.46020927,27.45853567,blackgram
320,14.3,465,7.58,0.44,0.49,4.52,0.39,6.21,1.22,14.05,0.55,Regur soil,Autumn,74.62068748,25.68576704,blackgram
270,13.2,422,7.32,0.68,0.59,3.92,0.45,1.05,1.05,19.32,0.65,Regur soil,Autumn,71.21006868,30.0328403,blackgram
333,14.3,507,7.43,0.61,0.88,7.24,0.37,1.26,1.37,12.03,0.29,Regur soil,Autumn,64.32887142,28.20667264,blackgram
358,13.2,444,7.8,0.29,0.49,4.52,0.26,5.26,1.25,6.25,0.48,Regur soil,Autumn,63.29900785,28.27265858,blackgram
245,13.8,391,7.01,0.64,0.88,7.84,0.35,1.25,0.96,12.03,0.23,Regur soil,Autumn,69.68862306,28.5417236,blackgram
314,12.7,591,7.51,0.56,0.1,9.65,0.42,3.02,0.53,7.54,0.53,Regur soil,Autumn,63.51822045,26.87187036,blackgram
307,12.9,539,7.34,0.85,1.07,4.52,0.53,7.54,1.22,4.51,0.61,Regur soil,Autumn,64.11411069,32.79766751,blackgram
326,14.9,655,7.37,0.87,0.78,7.24,0.47,6.33,0.63,8.22,0.27,Regur soil,Autumn,63.46546487,26.42333018,blackgram
320,14.3,422,7.41,0.42,0.59,3.32,0.25,1.52,1.52,12.05,0.5,Regur soil,Autumn,63.02169909,29.79181107,blackgram
345,10.5,570,7.43,0.42,0.68,5.13,0.36,4.52,1.02,6.32,0.34,Regur soil,Autumn,72.50669768,27.44003279,blackgram
307,11.6,496,7.52,0.93,0.2,8.45,0.54,9.62,0.84,9.33,0.44,Regur soil,Autumn,70.40795007,34.1262979,blackgram
295,2.9,612,7.35,0.52,0.39,9.95,0.48,8.05,0.63,15.25,0.32,Regur soil,Autumn,62.78730907,30.94908189,blackgram
276,10.7,655,7.47,0.51,1.07,7.84,0.26,10.22,0.75,14.22,0.4,Regur soil,Autumn,73.37686831,28.75751783,blackgram
301,12.7,422,8.19,0.57,0.29,4.22,0.35,6.32,1.02,13.25,0.29,Regur soil,Autumn,62.31842057,27.24766491,blackgram
282,15.6,602,7.38,0.82,0.88,8.45,0.29,4.51,0.74,8.54,0.42,Regur soil,Autumn,62.2737345,28.63005477,blackgram
295,13.4,412,7.35,0.7,0.49,9.95,0.22,7.54,0.93,11.25,0.34,Regur soil,Autumn,64.42177127,26.41768321,blackgram
326,11.8,444,8.02,0.75,0.78,7.54,0.57,2.02,1.24,21.02,0.46,Regur soil,Autumn,68.83924882,32.81705216,blackgram
358,12.5,581,7.42,0.85,0.2,8.14,0.46,1.89,1.05,10.25,0.5,Regur soil,Autumn,71.16331975,29.6321052,blackgram
314,6.6,444,7.23,0.28,0.59,4.22,0.35,3.22,0.87,7.54,0.63,Regur soil,Autumn,65.45328463,33.49077065,blackgram
301,9.4,517,8.1,0.38,0.1,6.64,0.26,7.54,1.32,6.23,0.8,Regur soil,Autumn,74.22238583,31.86847286,blackgram
220,9,454,7.29,0.84,0.29,4.52,0.39,4.15,0.84,8.05,0.29,Regur soil,Autumn,71.64631281,30.32992227,blackgram
276,12.9,401,7.35,0.85,0.68,3.92,0.22,3.02,1.28,14.21,0.42,Regur soil,Autumn,62.83469851,28.546224,blackgram
282,13.2,433,7.34,0.59,0.88,8.45,0.41,8.05,1.36,9.02,0.61,Regur soil,Autumn,66.47264636,30.02629908,blackgram
264,12.1,560,7.9,0.63,0.39,4.22,0.33,3.22,0.75,11.65,0.29,Regur soil,Autumn,66.69096751,31.65531175,blackgram
195,94.3,539,7.49,0.42,0.59,6.64,0.53,7.12,0.87,4.25,0.53,Regur soil,Autumn,74.16699119,30.33499674,blackgram
188,92.1,444,7.34,0.43,0.2,7.84,0.34,6.33,1.25,9.6,0.27,Regur soil,Autumn,64.89517488,33.36984395,blackgram
226,89.9,422,7.37,0.62,0.49,4.52,0.57,9.21,1.36,13.52,0.42,Regur soil,Autumn,64.77651469,31.4345059,blackgram
213,96.5,729,7.41,0.38,1.07,5.73,0.49,6.3,1.27,6.21,0.32,Regur soil,Autumn,68.56507978,27.71678273,blackgram
201,89.9,454,7.43,0.53,0.78,6.94,0.55,8.21,2.01,7.54,0.17,Regur soil,Autumn,61.83876146,32.63918668,blackgram
207,76.8,465,7.52,0.69,0.68,4.22,0.38,4.56,0.54,3.25,0.5,Regur soil,Autumn,63.37784443,32.7477393,blackgram
220,122.8,760,7.35,0.67,0.68,7.54,0.42,7.02,0.96,8.05,0.25,Regur soil,Autumn,43.35795377,28.05153602,lentil
276,94.3,486,7.47,0.41,0.49,3.92,0.28,3.85,1.25,11.03,0.42,Regur soil,Autumn,46.83130119,19.44084326,lentil
226,103.1,612,8.19,0.63,0.68,6.64,0.49,8.05,1.45,6.05,0.25,Regur soil,Autumn,46.80452595,29.84823072,lentil
207,94.3,813,7.38,0.34,0.1,4.52,0.52,6.96,0.74,9.21,0.29,Regur soil,Autumn,46.6352865,21.36383757,lentil
270,114,655,7.35,0.39,0.59,9.95,0.45,7.41,1.32,8.12,0.46,Regur soil,Autumn,46.13833007,26.28663931,lentil
295,107.5,644,8.02,0.42,0.49,4.52,0.33,8.02,1.96,12.36,0.36,Regur soil,Autumn,53.46622584,22.17499963,lentil
238,83.3,412,7.42,0.72,0.88,6.64,0.5,4.58,2.05,6.35,0.69,Regur soil,Autumn,50.89110726,26.57597546,lentil
207,94.3,444,7.23,0.49,0.39,4.22,0.41,9.63,1.54,11.06,0.53,Regur soil,Autumn,50.90994463,26.58972517,lentil
182,92.1,465,8.1,0.68,0.29,5.13,0.39,4.21,2.06,7.35,0.4,Regur soil,Autumn,36.46946971,19.1345771,lentil
232,87.7,665,7.29,0.75,0.1,7.84,0.48,7.53,0.75,15.21,0.55,Regur soil,Autumn,35.15426171,28.75273118,lentil
289,107.5,475,7.35,0.43,0.88,3.62,0.52,6.3,0.48,6.03,0.34,Regur soil,Autumn,49.14337177,25.78746268,lentil
195,125,507,7.34,0.56,1.27,6.33,0.41,7.04,0.9,4.52,0.48,Regur soil,Autumn,52.55730112,23.89271875,lentil
207,107.5,391,7.29,0.58,0.59,4.52,0.27,8.62,1.25,12.32,0.23,Regur soil,Autumn,42.96018627,28.67408774,lentil
238,98.7,623,7.28,0.44,0.1,5.73,0.37,4.51,1.47,5.03,0.27,Regur soil,Autumn,49.02366803,28.42062847,lentil
201,114,834,7.25,0.43,1.07,6.64,0.54,8.35,0.68,9.65,0.5,Regur soil,Autumn,41.78219834,21.35499456,lentil
345,96.5,422,7.37,0.62,0.2,5.43,0.48,7.05,0.6,6.32,0.34,Regur soil,Autumn,38.71834464,21.12695586,lentil
238,103.1,454,7.41,0.46,0.88,4.22,0.52,6.51,0.53,11.05,0.21,Regur soil,Autumn,49.78102578,24.02037872,lentil
201,105.3,444,7.28,0.43,0.39,7.84,0.32,9.53,1.05,15.47,0.32,Regur soil,Autumn,51.92057267,25.40474421,lentil
232,98.7,454,7.45,0.44,0.59,3.92,0.24,4.51,0.68,3.05,0.5,Regur soil,Autumn,54.9393771,29.03017561,lentil
314,83.3,486,7.41,0.8,0.68,7.54,0.51,7.63,1.36,12.06,0.25,Regur soil,Autumn,50.89732989,20.21368219,lentil
195,94.3,813,7.33,0.74,0.29,4.22,0.38,3.52,1.89,11.48,0.4,Regur soil,Autumn,44.93261911,29.19585548,lentil
226,92.1,655,7.29,0.72,0.1,6.64,0.5,8.05,0.54,14.21,0.4,Regur soil,Autumn,49.39111479,18.29783597,lentil
238,114,708,7.43,0.59,0.88,5.13,0.46,9.26,0.63,6.05,0.55,Regur soil,Autumn,44.43177543,27.41434987,lentil
182,89.9,454,7.55,0.48,0.68,6.94,0.32,4.15,1.02,7.15,0.67,Regur soil,Autumn,48.77790371,24.84063998,lentil
182,92.1,697,7.38,0.83,0.39,5.43,0.44,7.52,1.98,15.23,0.52,Regur soil,Autumn,40.37113729,29.94413861,lentil
213,107.5,612,7.37,0.45,0.39,5.43,0.44,7.52,1.98,15.23,0.52,Regur soil,Autumn,47.89645224,25.87990287,lentil
226,87.7,708,7.34,0.39,0.88,9.65,0.46,3.5,0.45,13.56,0.34,Regur soil,Autumn,46.05333124,20.0467711,lentil
213,120.6,623,7.41,0.42,0.49,4.52,0.59,6.53,0.86,3.56,0.55,Regur soil,Autumn,54.49044154,22.99451999,lentil
333,10.7,444,7.43,0.73,0.49,4.52,0.59,6.53,0.86,3.56,0.55,Regur soil,Autumn,49.04015558,25.13163619,lentil
238,7.7,454,7.41,0.88,0.29,4.22,0.38,7.05,1.02,7.02,0.69,Regur soil,Autumn,53.14531023,28.49584395,lentil
201,9.4,697,7.4,0.51,1.17,5.43,0.26,4.35,1.63,9.54,0.53,Regur soil,Autumn,48.60449438,18.28766124,lentil
195,9.2,454,7.52,0.49,0.88,6.64,0.38,8.36,0.34,4.02,0.32,Regur soil,Autumn,53.13946695,24.38041875,lentil
270,8.1,444,7.55,0.53,0.29,4.22,0.63,7.02,1.96,11.56,0.29,Regur soil,Autumn,45.42616802,21.31852148,lentil
195,8.8,454,7.47,0.53,1.07,5.13,0.4,4.96,2.01,3.2,0.53,Regur soil,Autumn,44.07819743,18.54141834,lentil
213,10.7,771,7.29,0.52,0.68,5.73,0.49,8.51,0.75,15.62,0.36,Regur soil,Autumn,49.37369982,25.28710601,lentil
201,8.3,697,7.48,0.81,0.2,6.64,0.53,5.6,0.86,11.3,0.63,Regur soil,Autumn,41.02682925,25.43459777,lentil
232,10.7,760,7.35,0.53,0.49,3.92,0.42,9.05,1.32,9.32,0.5,Regur soil,Autumn,44.08562546,28.83600962,lentil
226,9.2,454,7.44,0.76,0.59,6.64,0.5,6.35,1.5,5.21,0.25,Regur soil,Autumn,49.47371773,27.37659643,lentil
257,7.5,444,7.47,0.49,0.98,5.43,0.37,7.41,0.8,11.05,0.32,Regur soil,Autumn,45.36521251,28.31886863,lentil
245,8.3,507,7.42,0.71,1.27,6.33,0.61,8.05,1.32,6.32,0.29,Regur soil,Autumn,37.81123974,27.4818649,lentil
245,11.4,549,7.65,0.49,1.07,4.22,0.59,4.05,1.87,9.54,0.42,Regur soil,Autumn,48.80253285,18.28072173,lentil
264,9,486,7.24,0.47,0.59,9.95,0.29,9.35,1.23,11.65,0.34,Regur soil,Autumn,42.72374404,27.61204997,lentil
276,9.2,370,7.62,0.62,0.59,9.95,0.29,9.35,1.23,11.65,0.34,Regur soil,Autumn,45.40277297,23.43974653,lentil
320,13.8,391,7.38,0.65,0.68,7.54,0.38,5.41,0.89,9.05,0.63,Regur soil,Autumn,52.39881209,20.95628486,lentil
264,10.3,475,7.49,0.74,0.1,5.13,0.51,5.8,0.51,7.32,0.21,Regur soil,Autumn,49.73922097,23.7937153,lentil
333,14.9,422,8.26,0.48,1.17,3.32,0.6,7.62,1.02,11.65,0.29,Regur soil,Autumn,38.30411077,22.6371424,lentil
295,14.5,612,8.4,0.38,0.39,6.94,0.39,6.23,0.63,9.06,0.5,Regur soil,Autumn,35.75107592,21.53577883,lentil
282,9.2,676,7.95,0.62,0.59,5.43,0.44,4.12,1.32,11.41,0.34,Regur soil,Autumn,44.95654782,29.87854588,lentil
257,11.6,433,7.58,0.73,0.29,4.22,0.29,3.25,2.1,6.5,0.23,Regur soil,Autumn,48.33941188,25.2653291,lentil
270,12.1,401,7.47,0.36,0.78,6.64,0.37,5.21,0.86,13.05,0.48,Regur soil,Autumn,35.03484812,25.17885316,lentil
289,14.5,549,7.18,0.64,0.1,3.92,0.41,7.15,0.75,6.03,0.36,Regur soil,Autumn,44.23629285,24.12192608,lentil
301,13.6,496,7.2,0.6,0.59,8.75,0.59,3.52,1.09,12.05,0.42,Regur soil,Autumn,36.18678721,23.33565221,lentil
295,12.5,412,7.12,0.37,0.2,4.22,0.36,8.02,1.33,9.21,0.34,Regur soil,Autumn,50.43306085,21.74600081,lentil
276,15.4,433,7.01,0.63,1.17,6.94,0.51,9.06,0.45,4.51,0.63,Regur soil,Autumn,54.37814199,27.60195453,lentil
326,13.4,454,7.13,0.51,0.88,5.13,0.29,4.85,0.78,9.32,0.27,Regur soil,Autumn,47.26052494,24.388717,lentil
270,13.8,845,7,0.82,0.1,5.73,0.48,3.06,0.61,10.58,0.5,Regur soil,Autumn,38.21370568,24.98287462,lentil
289,14.7,750,7.01,0.58,0.29,6.33,0.63,8.35,1.53,13.02,0.34,Regur soil,Autumn,35.36831423,28.234829,lentil
314,8.3,591,7,0.47,0.68,10.86,0.44,4.6,1.96,6.57,0.55,Regur soil,Autumn,37.11395801,26.03026959,lentil
345,9.9,507,7,0.49,0.1,7.24,0.5,6.32,1.55,9.03,0.21,Regur soil,Autumn,37.15824966,28.04849594,lentil
307,6.8,370,7.02,0.66,0.2,5.43,0.68,4.88,0.52,8.51,0.25,Regur soil,Autumn,48.28137482,24.87425505,lentil
339,7.5,475,7,0.88,0.98,6.94,0.54,7.15,0.39,10.59,0.34,Regur soil,Autumn,53.40906048,23.97081395,lentil
314,10.3,676,7.03,0.39,1.07,5.43,0.39,6.23,0.47,2.69,0.5,Regur soil,Autumn,42.89509057,20.06003985,lentil
333,12.7,887,7.1,0.42,0.88,6.33,0.75,4.96,1.08,12.03,0.59,Regur soil,Autumn,41.7704893,19.59221047,lentil
351,14.3,560,7.82,0.37,0.39,5.13,0.36,5.51,1.55,9.65,0.27,Regur soil,Autumn,35.69674138,29.77013109,lentil
358,10.1,602,7.01,0.32,0.68,8.75,0.42,9.23,2.04,14.52,0.55,Regur soil,Autumn,48.06491307,27.52135365,lentil
301,10.3,412,7,0.77,0.98,9.65,0.66,4.53,0.96,10.63,0.5,Regur soil,Autumn,45.49683991,25.62896213,lentil
326,11.8,444,7.33,0.4,0.1,4.22,0.51,9.03,0.54,6.58,0.67,Regur soil,Autumn,53.31508572,20.39078312,lentil
314,8.1,644,7.41,0.61,0.29,7.54,0.27,4.59,1.05,4.51,0.32,Regur soil,Autumn,39.18374505,25.39038396,lentil
320,8.6,380,7.94,0.69,0.98,3.92,0.48,7.63,1.78,9.3,0.55,Regur soil,Autumn,42.19740397,24.91079638,lentil
358,12.9,422,7.02,0.48,1.27,5.43,0.29,3.56,0.63,11.56,0.42,Regur soil,Autumn,37.46160727,27.70496805,lentil
345,13.6,444,7.85,0.38,0.1,6.33,0.35,8.54,1.02,9.64,0.65,Regur soil,Autumn,51.54922825,18.06486101,lentil
314,14.9,359,7.04,0.43,0.68,5.13,0.17,6.11,0.88,3.74,0.21,Regur soil,Autumn,50.6128521,18.13027797,lentil
333,13.8,401,7.62,0.51,0.49,3.92,0.26,3.05,1.03,9.05,0.34,Regur soil,Autumn,46.90725077,23.82723528,lentil
339,8.3,380,7.67,0.32,0.88,5.13,0.33,7.96,1.65,12.47,0.44,Regur soil,Autumn,49.55213308,23.19305333,lentil
326,10.3,507,7.88,0.71,0.39,8.75,0.21,8.63,2.01,8.63,0.32,Regur soil,Autumn,41.45486619,25.08966129,lentil
351,10.7,623,7.96,0.51,0.29,7.24,0.36,4.69,0.69,11.03,0.69,Regur soil,Autumn,36.68284038,25.86928193,lentil
264,9,486,7.24,0.47,0.1,3.92,0.35,8.26,0.45,7.98,0.4,Regur soil,Autumn,39.00992137,18.43966037,lentil
276,9.2,370,7.62,0.62,0.49,6.64,0.42,3.57,0.63,6.48,0.32,Regur soil,Autumn,52.50812701,27.14911056,lentil
320,13.8,391,7.38,0.65,1.07,5.43,0.58,4.58,1.02,13.25,0.53,Regur soil,Autumn,47.01510708,23.33375853,lentil
264,10.3,475,7.49,0.74,0.88,10.56,0.45,7.36,1.87,10.63,0.63,Regur soil,Autumn,42.87274897,26.7230014,lentil
